analysis_file,file,block,exercise_index,exercise,midi_start_from_anchor_sec,midi_end_from_anchor_sec,emg_start_sec,emg_end_sec,duration_sec,emg_rms_mv,sample_count,source,midi_anchor_lowest_note_sec,emg_anchor_imu_punch_sec
002cold__002cold_01_emg_exercise_summary.csv,002cold_01.csv,1,1,C major scale 1 octave up/down,12.387500,43.663542,20.703500,51.979542,31.276042,0.20334564,39384,midi_notes,0.490625,8.316000
002cold__002cold_01_emg_exercise_summary.csv,002cold_01.csv,1,2,Max loudness chords,43.663542,55.443750,51.979542,63.759750,11.780208,0.18642878,14835,inferred_gap_no_midi_notes,0.490625,8.316000
002cold__002cold_01_emg_exercise_summary.csv,002cold_01.csv,1,3,"Hold G, 321",55.443750,85.258333,63.759750,93.574333,29.814583,0.76974991,37544,midi_notes,0.490625,8.316000
002cold__002cold_01_emg_exercise_summary.csv,002cold_01.csv,1,4,Chromatic octaves,87.404167,93.420833,95.720167,101.736833,6.016667,0.32550409,7577,midi_notes,0.490625,8.316000
002cold__002cold_01_emg_exercise_summary.csv,002cold_01.csv,1,5,C major arpeggios,96.262500,99.960417,104.578500,108.276417,3.697917,0.23074393,4657,midi_notes,0.490625,8.316000
002cold__002cold_01_emg_exercise_summary.csv,002cold_01.csv,1,6,Anchored trill,102.735417,131.987500,111.051417,140.303500,29.252083,0.15861362,36836,midi_notes,0.490625,8.316000
002cold__002cold_01_emg_exercise_summary.csv,002cold_01.csv,2,1,C major scale 1 octave up/down,320.089583,352.719792,328.405583,361.035792,32.630208,0.22291851,41090,midi_notes,0.490625,8.316000
002cold__002cold_01_emg_exercise_summary.csv,002cold_01.csv,2,2,Max loudness chords,352.719792,365.523958,361.035792,373.839958,12.804167,0.17604251,16124,inferred_gap_no_midi_notes,0.490625,8.316000
002cold__002cold_01_emg_exercise_summary.csv,002cold_01.csv,2,3,"Hold G, 321",365.523958,396.014583,373.839958,404.330583,30.490625,0.23336874,38396,midi_notes,0.490625,8.316000
002cold__002cold_01_emg_exercise_summary.csv,002cold_01.csv,2,4,Chromatic octaves,399.894792,405.790625,408.210792,414.106625,5.895833,0.31430712,7424,midi_notes,0.490625,8.316000
002cold__002cold_01_emg_exercise_summary.csv,002cold_01.csv,2,5,C major arpeggios,407.985417,411.489583,416.301417,419.805583,3.504167,0.19889491,4413,midi_notes,0.490625,8.316000
002cold__002cold_01_emg_exercise_summary.csv,002cold_01.csv,2,6,Anchored trill,414.078125,444.777083,422.394125,453.093083,30.698958,0.17414640,38658,midi_notes,0.490625,8.316000
002cold__002cold_01_emg_exercise_summary.csv,002cold_01.csv,3,1,C major scale 1 octave up/down,638.140625,671.632292,646.456625,679.948292,33.491667,0.21808964,42175,midi_notes,0.490625,8.316000
002cold__002cold_01_emg_exercise_summary.csv,002cold_01.csv,3,2,Max loudness chords,671.632292,681.272917,679.948292,689.588917,9.640625,0.20662080,12140,inferred_gap_no_midi_notes,0.490625,8.316000
002cold__002cold_01_emg_exercise_summary.csv,002cold_01.csv,3,3,"Hold G, 321",681.272917,710.763542,689.588917,719.079542,29.490625,0.22668601,37136,midi_notes,0.490625,8.316000
002cold__002cold_01_emg_exercise_summary.csv,002cold_01.csv,3,4,Chromatic octaves,713.591667,719.459375,721.907667,727.775375,5.867708,0.30672780,7389,midi_notes,0.490625,8.316000
002cold__002cold_01_emg_exercise_summary.csv,002cold_01.csv,3,5,C major arpeggios,721.487500,725.060417,729.803500,733.376417,3.572917,0.19664505,4500,midi_notes,0.490625,8.316000
002cold__002cold_01_emg_exercise_summary.csv,002cold_01.csv,3,6,Anchored trill,728.156250,756.252083,736.472250,764.568083,28.095833,0.11771420,35380,midi_notes,0.490625,8.316000
002cold__002cold_01_emg_exercise_summary.csv,002cold_01.csv,4,1,C major scale 1 octave up/down,933.814583,960.665625,942.130583,968.981625,26.851042,0.29637864,33813,midi_notes,0.490625,8.316000
002cold__002cold_01_emg_exercise_summary.csv,002cold_01.csv,4,2,Max loudness chords,960.665625,970.208333,968.981625,978.524333,9.542708,0.25244838,12016,inferred_gap_no_midi_notes,0.490625,8.316000
002cold__002cold_01_emg_exercise_summary.csv,002cold_01.csv,4,3,"Hold G, 321",970.208333,1001.714583,978.524333,1010.030583,31.506250,0.77160867,39675,midi_notes,0.490625,8.316000
002cold__002cold_01_emg_exercise_summary.csv,002cold_01.csv,4,4,Chromatic octaves,1003.946875,1009.722917,1012.262875,1018.038917,5.776042,0.33039931,7273,midi_notes,0.490625,8.316000
002cold__002cold_01_emg_exercise_summary.csv,002cold_01.csv,4,5,C major arpeggios,1011.513542,1014.933333,1019.829542,1023.249333,3.419792,0.25348985,4307,midi_notes,0.490625,8.316000
002cold__002cold_01_emg_exercise_summary.csv,002cold_01.csv,4,6,Anchored trill,1017.333333,1050.052083,1025.649333,1058.368083,32.718750,0.12329269,41201,midi_notes,0.490625,8.316000
002cold__002cold_01_emg_exercise_summary.csv,002cold_01.csv,5,1,C major scale 1 octave up/down,1250.543750,1281.303125,1258.859750,1289.619125,30.759375,0.22940474,38734,midi_notes,0.490625,8.316000
002cold__002cold_01_emg_exercise_summary.csv,002cold_01.csv,5,2,Max loudness chords,1281.303125,1290.586458,1289.619125,1298.902458,9.283333,0.16691678,11690,inferred_gap_no_midi_notes,0.490625,8.316000
002cold__002cold_01_emg_exercise_summary.csv,002cold_01.csv,5,3,"Hold G, 321",1290.586458,1320.630208,1298.902458,1328.946208,30.043750,0.30051436,37833,midi_notes,0.490625,8.316000
002cold__002cold_01_emg_exercise_summary.csv,002cold_01.csv,5,4,Chromatic octaves,1323.286458,1328.690625,1331.602458,1337.006625,5.404167,0.40251442,6805,midi_notes,0.490625,8.316000
002cold__002cold_01_emg_exercise_summary.csv,002cold_01.csv,5,5,C major arpeggios,1328.690625,1328.690625,1337.006625,1337.006625,0.000000,nan,0,midi_notes,0.490625,8.316000
002cold__002cold_01_emg_exercise_summary.csv,002cold_01.csv,5,6,Anchored trill,1337.448958,1368.121875,1345.764958,1376.437875,30.672917,0.17777831,38626,midi_notes,0.490625,8.316000
002warm__002warm_01_emg_exercise_summary.csv,002warm_01.csv,1,1,C major scale 1 octave up/down,17.103125,48.153125,22.894625,53.944625,31.050000,0.12462696,39100,midi_notes,25.831250,5.791500
002warm__002warm_01_emg_exercise_summary.csv,002warm_01.csv,1,2,Max loudness chords,48.153125,61.620833,53.944625,67.412333,13.467708,0.20644404,16959,inferred_gap_no_midi_notes,25.831250,5.791500
002warm__002warm_01_emg_exercise_summary.csv,002warm_01.csv,1,3,"Hold G, 321",61.620833,90.718750,67.412333,96.510250,29.097917,0.18851225,36642,midi_notes,25.831250,5.791500
002warm__002warm_01_emg_exercise_summary.csv,002warm_01.csv,1,4,Chromatic octaves,94.927083,105.163542,100.718583,110.955042,10.236458,0.23359535,12891,midi_notes,25.831250,5.791500
002warm__002warm_01_emg_exercise_summary.csv,002warm_01.csv,1,5,C major arpeggios,108.229167,111.783333,114.020667,117.574833,3.554167,0.22996500,4476,midi_notes,25.831250,5.791500
002warm__002warm_01_emg_exercise_summary.csv,002warm_01.csv,1,6,Anchored trill,115.190625,145.866667,120.982125,151.658167,30.676042,0.18344343,38629,midi_notes,25.831250,5.791500
002warm__002warm_01_emg_exercise_summary.csv,002warm_01.csv,2,1,C major scale 1 octave up/down,332.475000,363.922917,338.266500,369.714417,31.447917,0.10994181,39601,midi_notes,25.831250,5.791500
002warm__002warm_01_emg_exercise_summary.csv,002warm_01.csv,2,2,Max loudness chords,363.922917,376.714583,369.714417,382.506083,12.791667,0.20063053,16108,inferred_gap_no_midi_notes,25.831250,5.791500
002warm__002warm_01_emg_exercise_summary.csv,002warm_01.csv,2,3,"Hold G, 321",376.714583,406.667708,382.506083,412.459208,29.953125,0.17472532,37719,midi_notes,25.831250,5.791500
002warm__002warm_01_emg_exercise_summary.csv,002warm_01.csv,2,4,Chromatic octaves,408.866667,414.975000,414.658167,420.766500,6.108333,0.20812739,7692,midi_notes,25.831250,5.791500
002warm__002warm_01_emg_exercise_summary.csv,002warm_01.csv,2,5,C major arpeggios,417.356250,418.630208,423.147750,424.421708,1.273958,0.17952979,1604,midi_notes,25.831250,5.791500
002warm__002warm_01_emg_exercise_summary.csv,002warm_01.csv,2,6,Anchored trill,424.608333,455.073958,430.399833,460.865458,30.465625,0.18751188,38365,midi_notes,25.831250,5.791500
002warm__002warm_01_emg_exercise_summary.csv,002warm_01.csv,3,1,C major scale 1 octave up/down,630.671875,662.581250,636.463375,668.372750,31.909375,0.11532643,40182,midi_notes,25.831250,5.791500
002warm__002warm_01_emg_exercise_summary.csv,002warm_01.csv,3,2,Max loudness chords,662.581250,673.996875,668.372750,679.788375,11.415625,0.18791449,14375,inferred_gap_no_midi_notes,25.831250,5.791500
002warm__002warm_01_emg_exercise_summary.csv,002warm_01.csv,3,3,"Hold G, 321",673.996875,705.058333,679.788375,710.849833,31.061458,0.17009453,39115,midi_notes,25.831250,5.791500
002warm__002warm_01_emg_exercise_summary.csv,002warm_01.csv,3,4,Chromatic octaves,707.542708,713.086458,713.334208,718.877958,5.543750,0.18704581,6981,midi_notes,25.831250,5.791500
002warm__002warm_01_emg_exercise_summary.csv,002warm_01.csv,3,5,C major arpeggios,715.238542,719.015625,721.030042,724.807125,3.777083,0.18938026,4757,midi_notes,25.831250,5.791500
002warm__002warm_01_emg_exercise_summary.csv,002warm_01.csv,3,6,Anchored trill,721.956250,751.960417,727.747750,757.751917,30.004167,0.18764925,37783,midi_notes,25.831250,5.791500
002warm__002warm_01_emg_exercise_summary.csv,002warm_01.csv,4,1,C major scale 1 octave up/down,941.467708,972.583333,947.259208,978.374833,31.115625,0.10768568,39183,midi_notes,25.831250,5.791500
002warm__002warm_01_emg_exercise_summary.csv,002warm_01.csv,4,2,Max loudness chords,972.583333,984.428125,978.374833,990.219625,11.844792,0.18787225,14916,inferred_gap_no_midi_notes,25.831250,5.791500
002warm__002warm_01_emg_exercise_summary.csv,002warm_01.csv,4,3,"Hold G, 321",984.428125,1015.203125,990.219625,1020.994625,30.775000,0.17057512,38753,midi_notes,25.831250,5.791500
002warm__002warm_01_emg_exercise_summary.csv,002warm_01.csv,4,4,Chromatic octaves,1018.990625,1025.077083,1024.782125,1030.868583,6.086458,0.20823583,7664,midi_notes,25.831250,5.791500
002warm__002warm_01_emg_exercise_summary.csv,002warm_01.csv,4,5,C major arpeggios,1031.084375,1032.372917,1036.875875,1038.164417,1.288542,0.20117171,1623,midi_notes,25.831250,5.791500
002warm__002warm_01_emg_exercise_summary.csv,002warm_01.csv,4,6,Anchored trill,1035.769792,1065.728125,1041.561292,1071.519625,29.958333,0.17597377,37726,midi_notes,25.831250,5.791500
002warm__002warm_01_emg_exercise_summary.csv,002warm_01.csv,5,1,C major scale 1 octave up/down,1227.220833,1256.562500,1233.012333,1262.354000,29.341667,0.09874571,36948,midi_notes,25.831250,5.791500
002warm__002warm_01_emg_exercise_summary.csv,002warm_01.csv,5,2,Max loudness chords,1256.562500,1267.844792,1262.354000,1273.636292,11.282292,0.18584558,14208,inferred_gap_no_midi_notes,25.831250,5.791500
002warm__002warm_01_emg_exercise_summary.csv,002warm_01.csv,5,3,"Hold G, 321",1267.844792,1286.538542,1273.636292,1292.330042,18.693750,0.16921057,23540,midi_notes,25.831250,5.791500
002warm__002warm_01_emg_exercise_summary.csv,002warm_01.csv,5,4,Chromatic octaves,1288.503125,1295.973958,1294.294625,1301.765458,7.470833,0.17927097,9408,midi_notes,25.831250,5.791500
002warm__002warm_01_emg_exercise_summary.csv,002warm_01.csv,5,5,C major arpeggios,1297.956250,1301.691667,1303.747750,1307.483167,3.735417,0.20898229,4704,midi_notes,25.831250,5.791500
002warm__002warm_01_emg_exercise_summary.csv,002warm_01.csv,5,6,Anchored trill,1304.501042,1334.902083,1310.292542,1340.693583,30.401042,0.19166590,38282,midi_notes,25.831250,5.791500
003cold__003cold_01_emg_exercise_summary.csv,003cold_01.csv,1,1,C major scale 1 octave up/down,10.972917,41.730208,19.990917,50.748208,30.757292,0.49025862,38732,midi_notes,0.757292,9.018000
003cold__003cold_01_emg_exercise_summary.csv,003cold_01.csv,1,2,Max loudness chords,41.730208,52.687500,50.748208,61.705500,10.957292,0.58063188,13798,inferred_gap_no_midi_notes,0.757292,9.018000
003cold__003cold_01_emg_exercise_summary.csv,003cold_01.csv,1,3,"Hold G, 321",52.687500,82.659375,61.705500,91.677375,29.971875,1.09082412,37742,midi_notes,0.757292,9.018000
003cold__003cold_01_emg_exercise_summary.csv,003cold_01.csv,1,4,Chromatic octaves,85.507292,89.341667,94.525292,98.359667,3.834375,1.09541180,4829,midi_notes,0.757292,9.018000
003cold__003cold_01_emg_exercise_summary.csv,003cold_01.csv,1,5,C major arpeggios,89.341667,89.341667,98.359667,98.359667,0.000000,nan,0,midi_notes,0.757292,9.018000
003cold__003cold_01_emg_exercise_summary.csv,003cold_01.csv,1,6,Anchored trill,96.772917,127.048958,105.790917,136.066958,30.276042,2.23448989,38125,midi_notes,0.757292,9.018000
003cold__003cold_01_emg_exercise_summary.csv,003cold_01.csv,2,1,C major scale 1 octave up/down,318.277083,349.533333,327.295083,358.551333,31.256250,0.17363547,39360,midi_notes,0.757292,9.018000
003cold__003cold_01_emg_exercise_summary.csv,003cold_01.csv,2,2,Max loudness chords,349.533333,359.244792,358.551333,368.262792,9.711458,0.60621216,12229,inferred_gap_no_midi_notes,0.757292,9.018000
003cold__003cold_01_emg_exercise_summary.csv,003cold_01.csv,2,3,"Hold G, 321",359.244792,390.308333,368.262792,399.326333,31.063542,1.36294275,39117,midi_notes,0.757292,9.018000
003cold__003cold_01_emg_exercise_summary.csv,003cold_01.csv,2,4,Chromatic octaves,393.227083,406.589583,402.245083,415.607583,13.362500,2.53680618,16827,midi_notes,0.757292,9.018000
003cold__003cold_01_emg_exercise_summary.csv,003cold_01.csv,2,5,C major arpeggios,406.589583,406.589583,415.607583,415.607583,0.000000,nan,0,midi_notes,0.757292,9.018000
003cold__003cold_01_emg_exercise_summary.csv,003cold_01.csv,2,6,Anchored trill,408.576042,439.387500,417.594042,448.405500,30.811458,2.54379054,38799,midi_notes,0.757292,9.018000
003cold__003cold_01_emg_exercise_summary.csv,003cold_01.csv,3,1,C major scale 1 octave up/down,621.496875,653.154167,630.514875,662.172167,31.657292,1.10255743,39865,midi_notes,0.757292,9.018000
003cold__003cold_01_emg_exercise_summary.csv,003cold_01.csv,3,2,Max loudness chords,653.154167,662.089583,662.172167,671.107583,8.935417,1.67504532,11252,inferred_gap_no_midi_notes,0.757292,9.018000
003cold__003cold_01_emg_exercise_summary.csv,003cold_01.csv,3,3,"Hold G, 321",662.089583,693.748958,671.107583,702.766958,31.659375,2.45837816,39867,midi_notes,0.757292,9.018000
003cold__003cold_01_emg_exercise_summary.csv,003cold_01.csv,3,4,Chromatic octaves,696.876042,706.610417,705.894042,715.628417,9.734375,2.59951075,12258,midi_notes,0.757292,9.018000
003cold__003cold_01_emg_exercise_summary.csv,003cold_01.csv,3,5,C major arpeggios,706.610417,706.610417,715.628417,715.628417,0.000000,nan,0,midi_notes,0.757292,9.018000
003cold__003cold_01_emg_exercise_summary.csv,003cold_01.csv,3,6,Anchored trill,709.116667,739.744792,718.134667,748.762792,30.628125,2.58029545,38569,midi_notes,0.757292,9.018000
003cold__003cold_01_emg_exercise_summary.csv,003cold_01.csv,4,1,C major scale 1 octave up/down,913.282292,944.957292,922.300292,953.975292,31.675000,0.05420043,39887,midi_notes,0.757292,9.018000
003cold__003cold_01_emg_exercise_summary.csv,003cold_01.csv,4,2,Max loudness chords,944.957292,954.735417,953.975292,963.753417,9.778125,1.42611517,12313,inferred_gap_no_midi_notes,0.757292,9.018000
003cold__003cold_01_emg_exercise_summary.csv,003cold_01.csv,4,3,"Hold G, 321",954.735417,985.752083,963.753417,994.770083,31.016667,1.54625990,39058,midi_notes,0.757292,9.018000
003cold__003cold_01_emg_exercise_summary.csv,003cold_01.csv,4,4,Chromatic octaves,996.648958,1005.301042,1005.666958,1014.319042,8.652083,2.57484772,10895,midi_notes,0.757292,9.018000
003cold__003cold_01_emg_exercise_summary.csv,003cold_01.csv,4,5,C major arpeggios,1005.301042,1005.301042,1014.319042,1014.319042,0.000000,nan,0,midi_notes,0.757292,9.018000
003cold__003cold_01_emg_exercise_summary.csv,003cold_01.csv,4,6,Anchored trill,1020.871875,1038.546875,1029.889875,1047.564875,17.675000,0.25831815,22257,midi_notes,0.757292,9.018000
003cold__003cold_01_emg_exercise_summary.csv,003cold_01.csv,5,1,C major scale 1 octave up/down,1238.939583,1270.189583,1247.957583,1279.207583,31.250000,0.03737933,39351,midi_notes,0.757292,9.018000
003cold__003cold_01_emg_exercise_summary.csv,003cold_01.csv,5,2,Max loudness chords,1270.189583,1279.321875,1279.207583,1288.339875,9.132292,2.15254784,11500,inferred_gap_no_midi_notes,0.757292,9.018000
003cold__003cold_01_emg_exercise_summary.csv,003cold_01.csv,5,3,"Hold G, 321",1279.321875,1314.118750,1288.339875,1323.136750,34.796875,2.30096109,43819,midi_notes,0.757292,9.018000
003cold__003cold_01_emg_exercise_summary.csv,003cold_01.csv,5,4,Chromatic octaves,1317.014583,1320.918750,1326.032583,1329.936750,3.904167,2.60151515,4917,midi_notes,0.757292,9.018000
003cold__003cold_01_emg_exercise_summary.csv,003cold_01.csv,5,5,C major arpeggios,1320.918750,1320.918750,1329.936750,1329.936750,0.000000,nan,0,midi_notes,0.757292,9.018000
003cold__003cold_01_emg_exercise_summary.csv,003cold_01.csv,5,6,Anchored trill,1326.670833,1357.577083,1335.688833,1366.595083,30.906250,2.23985167,38919,midi_notes,0.757292,9.018000
003warm__003warm_01_emg_exercise_summary.csv,003warm_01.csv,1,1,C major scale 1 octave up/down,39.386458,63.013542,57.746458,81.373542,23.627083,1.02766902,29753,midi_notes,9.803125,18.360000
003warm__003warm_01_emg_exercise_summary.csv,003warm_01.csv,1,2,Max loudness chords,63.013542,81.851042,81.373542,100.211042,18.837500,0.63722037,23721,inferred_gap_no_midi_notes,9.803125,18.360000
003warm__003warm_01_emg_exercise_summary.csv,003warm_01.csv,1,3,"Hold G, 321",81.851042,112.034375,100.211042,130.394375,30.183333,0.79172605,38009,midi_notes,9.803125,18.360000
003warm__003warm_01_emg_exercise_summary.csv,003warm_01.csv,1,4,Chromatic octaves,167.059375,184.026042,185.419375,202.386042,16.966667,1.36481815,21365,midi_notes,9.803125,18.360000
003warm__003warm_01_emg_exercise_summary.csv,003warm_01.csv,1,5,C major arpeggios,184.026042,184.026042,202.386042,202.386042,0.000000,nan,0,midi_notes,9.803125,18.360000
003warm__003warm_01_emg_exercise_summary.csv,003warm_01.csv,1,6,Anchored trill,212.522917,243.240625,230.882917,261.600625,30.717708,0.74415707,38682,midi_notes,9.803125,18.360000
003warm__003warm_01_emg_exercise_summary.csv,003warm_01.csv,2,1,C major scale 1 octave up/down,381.769792,413.272917,400.129792,431.632917,31.503125,2.10554072,39670,midi_notes,9.803125,18.360000
003warm__003warm_01_emg_exercise_summary.csv,003warm_01.csv,2,2,Max loudness chords,413.272917,468.188542,431.632917,486.548542,54.915625,0.38933341,69153,inferred_gap_no_midi_notes,9.803125,18.360000
003warm__003warm_01_emg_exercise_summary.csv,003warm_01.csv,2,3,"Hold G, 321",468.188542,491.477083,486.548542,509.837083,23.288542,0.51679018,29327,midi_notes,9.803125,18.360000
003warm__003warm_01_emg_exercise_summary.csv,003warm_01.csv,2,4,Chromatic octaves,501.038542,505.268750,519.398542,523.628750,4.230208,0.41175797,5327,midi_notes,9.803125,18.360000
003warm__003warm_01_emg_exercise_summary.csv,003warm_01.csv,2,5,C major arpeggios,505.268750,505.268750,523.628750,523.628750,0.000000,nan,0,midi_notes,9.803125,18.360000
003warm__003warm_01_emg_exercise_summary.csv,003warm_01.csv,2,6,Anchored trill,518.689583,550.083333,537.049583,568.443333,31.393750,0.16192788,39533,midi_notes,9.803125,18.360000
003warm__003warm_01_emg_exercise_summary.csv,003warm_01.csv,3,1,C major scale 1 octave up/down,643.520833,672.614583,661.880833,690.974583,29.093750,0.30360577,36637,midi_notes,9.803125,18.360000
003warm__003warm_01_emg_exercise_summary.csv,003warm_01.csv,3,2,Max loudness chords,672.614583,683.128125,690.974583,701.488125,10.513542,0.07889422,13239,inferred_gap_no_midi_notes,9.803125,18.360000
003warm__003warm_01_emg_exercise_summary.csv,003warm_01.csv,3,3,"Hold G, 321",683.128125,714.347917,701.488125,732.707917,31.219792,0.45960156,39314,midi_notes,9.803125,18.360000
003warm__003warm_01_emg_exercise_summary.csv,003warm_01.csv,3,4,Chromatic octaves,719.516667,733.547917,737.876667,751.907917,14.031250,0.20837717,17669,midi_notes,9.803125,18.360000
003warm__003warm_01_emg_exercise_summary.csv,003warm_01.csv,3,5,C major arpeggios,733.547917,733.547917,751.907917,751.907917,0.000000,nan,0,midi_notes,9.803125,18.360000
003warm__003warm_01_emg_exercise_summary.csv,003warm_01.csv,3,6,Anchored trill,738.780208,769.661458,757.140208,788.021458,30.881250,0.09954230,38888,midi_notes,9.803125,18.360000
003warm__003warm_01_emg_exercise_summary.csv,003warm_01.csv,4,1,C major scale 1 octave up/down,954.262500,985.271875,972.622500,1003.631875,31.009375,0.20640867,39049,midi_notes,9.803125,18.360000
003warm__003warm_01_emg_exercise_summary.csv,003warm_01.csv,4,2,Max loudness chords,985.271875,996.646875,1003.631875,1015.006875,11.375000,0.07043852,14324,inferred_gap_no_midi_notes,9.803125,18.360000
003warm__003warm_01_emg_exercise_summary.csv,003warm_01.csv,4,3,"Hold G, 321",996.646875,1027.190625,1015.006875,1045.550625,30.543750,0.71272999,38463,midi_notes,9.803125,18.360000
003warm__003warm_01_emg_exercise_summary.csv,003warm_01.csv,4,4,Chromatic octaves,1041.122917,1052.984375,1059.482917,1071.344375,11.861458,0.17181435,14937,midi_notes,9.803125,18.360000
003warm__003warm_01_emg_exercise_summary.csv,003warm_01.csv,4,5,C major arpeggios,1052.984375,1052.984375,1071.344375,1071.344375,0.000000,nan,0,midi_notes,9.803125,18.360000
003warm__003warm_01_emg_exercise_summary.csv,003warm_01.csv,4,6,Anchored trill,1057.257292,1087.283333,1075.617292,1105.643333,30.026042,0.10888697,37810,midi_notes,9.803125,18.360000
003warm__003warm_01_emg_exercise_summary.csv,003warm_01.csv,5,1,C major scale 1 octave up/down,1262.070833,1293.835417,1280.430833,1312.195417,31.764583,0.36800314,40000,midi_notes,9.803125,18.360000
003warm__003warm_01_emg_exercise_summary.csv,003warm_01.csv,5,2,Max loudness chords,1293.835417,1304.358333,1312.195417,1322.718333,10.522917,0.10988428,13251,inferred_gap_no_midi_notes,9.803125,18.360000
003warm__003warm_01_emg_exercise_summary.csv,003warm_01.csv,5,3,"Hold G, 321",1304.358333,1334.080208,1322.718333,1352.440208,29.721875,0.62602381,37427,midi_notes,9.803125,18.360000
003warm__003warm_01_emg_exercise_summary.csv,003warm_01.csv,5,4,Chromatic octaves,1338.488542,1349.773958,1356.848542,1368.133958,11.285417,0.39470683,14211,midi_notes,9.803125,18.360000
003warm__003warm_01_emg_exercise_summary.csv,003warm_01.csv,5,5,C major arpeggios,1349.773958,1349.773958,1368.133958,1368.133958,0.000000,nan,0,midi_notes,9.803125,18.360000
003warm__003warm_01_emg_exercise_summary.csv,003warm_01.csv,5,6,Anchored trill,1353.273958,1383.462500,1371.633958,1401.822500,30.188542,0.22248260,38015,midi_notes,9.803125,18.360000
004cold__004cold_01_emg_exercise_summary.csv,004cold_01.csv,1,1,C major scale 1 octave up/down,14.512500,44.928125,16.868250,47.283875,30.415625,0.16193287,38301,midi_notes,4.037500,2.355750
004cold__004cold_01_emg_exercise_summary.csv,004cold_01.csv,1,2,Max loudness chords,44.928125,54.733333,47.283875,57.089083,9.805208,0.07032935,12347,inferred_gap_no_midi_notes,4.037500,2.355750
004cold__004cold_01_emg_exercise_summary.csv,004cold_01.csv,1,3,"Hold G, 321",54.733333,84.731250,57.089083,87.087000,29.997917,0.15653963,37776,midi_notes,4.037500,2.355750
004cold__004cold_01_emg_exercise_summary.csv,004cold_01.csv,1,4,Chromatic octaves,89.911458,91.410417,92.267208,93.766167,1.498958,0.14870174,1887,midi_notes,4.037500,2.355750
004cold__004cold_01_emg_exercise_summary.csv,004cold_01.csv,1,5,C major arpeggios,91.410417,91.410417,93.766167,93.766167,0.000000,nan,0,midi_notes,4.037500,2.355750
004cold__004cold_01_emg_exercise_summary.csv,004cold_01.csv,1,6,Anchored trill,99.163542,129.735417,101.519292,132.091167,30.571875,0.07336642,38498,midi_notes,4.037500,2.355750
004cold__004cold_01_emg_exercise_summary.csv,004cold_01.csv,2,1,C major scale 1 octave up/down,343.182292,373.140625,345.538042,375.496375,29.958333,0.35496695,37726,midi_notes,4.037500,2.355750
004cold__004cold_01_emg_exercise_summary.csv,004cold_01.csv,2,2,Max loudness chords,373.140625,384.522917,375.496375,386.878667,11.382292,1.08951662,14333,inferred_gap_no_midi_notes,4.037500,2.355750
004cold__004cold_01_emg_exercise_summary.csv,004cold_01.csv,2,3,"Hold G, 321",384.522917,415.050000,386.878667,417.405750,30.527083,0.72699468,38442,midi_notes,4.037500,2.355750
004cold__004cold_01_emg_exercise_summary.csv,004cold_01.csv,2,4,Chromatic octaves,419.098958,420.596875,421.454708,422.952625,1.497917,1.07877661,1887,midi_notes,4.037500,2.355750
004cold__004cold_01_emg_exercise_summary.csv,004cold_01.csv,2,5,C major arpeggios,428.590625,429.967708,430.946375,432.323458,1.377083,2.44654143,1734,midi_notes,4.037500,2.355750
004cold__004cold_01_emg_exercise_summary.csv,004cold_01.csv,2,6,Anchored trill,432.634375,463.394792,434.990125,465.750542,30.760417,2.51087137,38735,midi_notes,4.037500,2.355750
004cold__004cold_01_emg_exercise_summary.csv,004cold_01.csv,3,1,C major scale 1 octave up/down,652.714583,683.275000,655.070333,685.630750,30.560417,2.44804320,38483,midi_notes,4.037500,2.355750
004cold__004cold_01_emg_exercise_summary.csv,004cold_01.csv,3,2,Max loudness chords,683.275000,694.388542,685.630750,696.744292,11.113542,2.23889939,13995,inferred_gap_no_midi_notes,4.037500,2.355750
004cold__004cold_01_emg_exercise_summary.csv,004cold_01.csv,3,3,"Hold G, 321",694.388542,726.122917,696.744292,728.478667,31.734375,2.53511511,39962,midi_notes,4.037500,2.355750
004cold__004cold_01_emg_exercise_summary.csv,004cold_01.csv,3,4,Chromatic octaves,730.831250,732.295833,733.187000,734.651583,1.464583,2.56731022,1844,midi_notes,4.037500,2.355750
004cold__004cold_01_emg_exercise_summary.csv,004cold_01.csv,3,5,C major arpeggios,732.295833,732.295833,734.651583,734.651583,0.000000,nan,0,midi_notes,4.037500,2.355750
004cold__004cold_01_emg_exercise_summary.csv,004cold_01.csv,3,6,Anchored trill,742.166667,774.841667,744.522417,777.197417,32.675000,2.50735847,41147,midi_notes,4.037500,2.355750
004cold__004cold_01_emg_exercise_summary.csv,004cold_01.csv,4,1,C major scale 1 octave up/down,951.001042,983.065625,953.356792,985.421375,32.064583,2.49342600,40377,midi_notes,4.037500,2.355750
004cold__004cold_01_emg_exercise_summary.csv,004cold_01.csv,4,2,Max loudness chords,983.065625,992.962500,985.421375,995.318250,9.896875,2.08468203,12463,inferred_gap_no_midi_notes,4.037500,2.355750
004cold__004cold_01_emg_exercise_summary.csv,004cold_01.csv,4,3,"Hold G, 321",992.962500,1023.828125,995.318250,1026.183875,30.865625,2.52253633,38868,midi_notes,4.037500,2.355750
004cold__004cold_01_emg_exercise_summary.csv,004cold_01.csv,4,4,Chromatic octaves,1027.615625,1029.092708,1029.971375,1031.448458,1.477083,2.55662106,1861,midi_notes,4.037500,2.355750
004cold__004cold_01_emg_exercise_summary.csv,004cold_01.csv,4,5,C major arpeggios,1029.092708,1029.092708,1031.448458,1031.448458,0.000000,nan,0,midi_notes,4.037500,2.355750
004cold__004cold_01_emg_exercise_summary.csv,004cold_01.csv,4,6,Anchored trill,1035.442708,1065.801042,1037.798458,1068.156792,30.358333,2.50214478,38229,midi_notes,4.037500,2.355750
004cold__004cold_01_emg_exercise_summary.csv,004cold_01.csv,5,1,C major scale 1 octave up/down,1241.662500,1273.141667,1244.018250,1275.497417,31.479167,2.49533183,39640,midi_notes,4.037500,2.355750
004cold__004cold_01_emg_exercise_summary.csv,004cold_01.csv,5,2,Max loudness chords,1273.141667,1293.746875,1275.497417,1296.102625,20.605208,1.99260260,25948,inferred_gap_no_midi_notes,4.037500,2.355750
004cold__004cold_01_emg_exercise_summary.csv,004cold_01.csv,5,3,"Hold G, 321",1293.746875,1324.762500,1296.102625,1327.118250,31.015625,2.51717700,39056,midi_notes,4.037500,2.355750
004cold__004cold_01_emg_exercise_summary.csv,004cold_01.csv,5,4,Chromatic octaves,1326.850000,1328.316667,1329.205750,1330.672417,1.466667,2.57165665,1847,midi_notes,4.037500,2.355750
004cold__004cold_01_emg_exercise_summary.csv,004cold_01.csv,5,5,C major arpeggios,1329.931250,1331.145833,1332.287000,1333.501583,1.214583,2.49728524,1530,midi_notes,4.037500,2.355750
004cold__004cold_01_emg_exercise_summary.csv,004cold_01.csv,5,6,Anchored trill,1333.582292,1364.657292,1335.938042,1367.013042,31.075000,2.51163685,39131,midi_notes,4.037500,2.355750
004warm__004warm_01_emg_exercise_summary.csv,004warm_01.csv,1,1,C major scale 1 octave up/down,15.225000,47.859375,33.099000,65.733375,32.634375,1.19906597,41095,midi_notes,19.762500,17.874000
004warm__004warm_01_emg_exercise_summary.csv,004warm_01.csv,1,2,Max loudness chords,47.859375,65.939583,65.733375,83.813583,18.080208,0.55564567,22768,inferred_gap_no_midi_notes,19.762500,17.874000
004warm__004warm_01_emg_exercise_summary.csv,004warm_01.csv,1,3,"Hold G, 321",65.939583,96.878125,83.813583,114.752125,30.938542,0.93181073,38959,midi_notes,19.762500,17.874000
004warm__004warm_01_emg_exercise_summary.csv,004warm_01.csv,1,4,Chromatic octaves,114.243750,121.686458,132.117750,139.560458,7.442708,1.06737936,9372,midi_notes,19.762500,17.874000
004warm__004warm_01_emg_exercise_summary.csv,004warm_01.csv,1,5,C major arpeggios,121.686458,121.686458,139.560458,139.560458,0.000000,nan,0,midi_notes,19.762500,17.874000
004warm__004warm_01_emg_exercise_summary.csv,004warm_01.csv,1,6,Anchored trill,147.733333,178.137500,165.607333,196.011500,30.404167,0.37068919,38287,midi_notes,19.762500,17.874000
004warm__004warm_01_emg_exercise_summary.csv,004warm_01.csv,2,1,C major scale 1 octave up/down,392.251042,422.785417,410.125042,440.659417,30.534375,0.24529823,38451,midi_notes,19.762500,17.874000
004warm__004warm_01_emg_exercise_summary.csv,004warm_01.csv,2,2,Max loudness chords,422.785417,433.392708,440.659417,451.266708,10.607292,0.07193631,13357,inferred_gap_no_midi_notes,19.762500,17.874000
004warm__004warm_01_emg_exercise_summary.csv,004warm_01.csv,2,3,"Hold G, 321",433.392708,464.269792,451.266708,482.143792,30.877083,0.21718081,38883,midi_notes,19.762500,17.874000
004warm__004warm_01_emg_exercise_summary.csv,004warm_01.csv,2,4,Chromatic octaves,470.271875,471.800000,488.145875,489.674000,1.528125,0.22904533,1924,midi_notes,19.762500,17.874000
004warm__004warm_01_emg_exercise_summary.csv,004warm_01.csv,2,5,C major arpeggios,471.800000,471.800000,489.674000,489.674000,0.000000,nan,0,midi_notes,19.762500,17.874000
004warm__004warm_01_emg_exercise_summary.csv,004warm_01.csv,2,6,Anchored trill,485.989583,516.895833,503.863583,534.769833,30.906250,0.08078293,38919,midi_notes,19.762500,17.874000
004warm__004warm_01_emg_exercise_summary.csv,004warm_01.csv,3,1,C major scale 1 octave up/down,667.589583,698.942708,685.463583,716.816708,31.353125,0.17704509,39482,midi_notes,19.762500,17.874000
004warm__004warm_01_emg_exercise_summary.csv,004warm_01.csv,3,2,Max loudness chords,698.942708,708.829167,716.816708,726.703167,9.886458,0.05838180,12449,inferred_gap_no_midi_notes,19.762500,17.874000
004warm__004warm_01_emg_exercise_summary.csv,004warm_01.csv,3,3,"Hold G, 321",708.829167,739.158333,726.703167,757.032333,30.329167,0.16541341,38192,midi_notes,19.762500,17.874000
004warm__004warm_01_emg_exercise_summary.csv,004warm_01.csv,3,4,Chromatic octaves,742.512500,744.020833,760.386500,761.894833,1.508333,0.19552057,1900,midi_notes,19.762500,17.874000
004warm__004warm_01_emg_exercise_summary.csv,004warm_01.csv,3,5,C major arpeggios,748.342708,749.553125,766.216708,767.427125,1.210417,0.17676234,1524,midi_notes,19.762500,17.874000
004warm__004warm_01_emg_exercise_summary.csv,004warm_01.csv,3,6,Anchored trill,757.743750,788.076042,775.617750,805.950042,30.332292,0.07125417,38197,midi_notes,19.762500,17.874000
004warm__004warm_01_emg_exercise_summary.csv,004warm_01.csv,4,1,C major scale 1 octave up/down,931.758333,962.609375,949.632333,980.483375,30.851042,0.15194125,38849,midi_notes,19.762500,17.874000
004warm__004warm_01_emg_exercise_summary.csv,004warm_01.csv,4,2,Max loudness chords,962.609375,973.258333,980.483375,991.132333,10.648958,0.05350272,13410,inferred_gap_no_midi_notes,19.762500,17.874000
004warm__004warm_01_emg_exercise_summary.csv,004warm_01.csv,4,3,"Hold G, 321",973.258333,1003.233333,991.132333,1021.107333,29.975000,0.14006860,37746,midi_notes,19.762500,17.874000
004warm__004warm_01_emg_exercise_summary.csv,004warm_01.csv,4,4,Chromatic octaves,1010.483333,1011.986458,1028.357333,1029.860458,1.503125,0.16451288,1893,midi_notes,19.762500,17.874000
004warm__004warm_01_emg_exercise_summary.csv,004warm_01.csv,4,5,C major arpeggios,1016.342708,1017.443750,1034.216708,1035.317750,1.101042,0.15492276,1387,midi_notes,19.762500,17.874000
004warm__004warm_01_emg_exercise_summary.csv,004warm_01.csv,4,6,Anchored trill,1026.092708,1056.582292,1043.966708,1074.456292,30.489583,0.06102115,38395,midi_notes,19.762500,17.874000
004warm__004warm_01_emg_exercise_summary.csv,004warm_01.csv,5,1,C major scale 1 octave up/down,1226.538542,1257.146875,1244.412542,1275.020875,30.608333,0.24693837,38543,midi_notes,19.762500,17.874000
004warm__004warm_01_emg_exercise_summary.csv,004warm_01.csv,5,2,Max loudness chords,1257.146875,1269.228125,1275.020875,1287.102125,12.081250,0.05231835,15214,inferred_gap_no_midi_notes,19.762500,17.874000
004warm__004warm_01_emg_exercise_summary.csv,004warm_01.csv,5,3,"Hold G, 321",1269.228125,1299.220833,1287.102125,1317.094833,29.992708,0.13957052,37768,midi_notes,19.762500,17.874000
004warm__004warm_01_emg_exercise_summary.csv,004warm_01.csv,5,4,Chromatic octaves,1303.915625,1305.394792,1321.789625,1323.268792,1.479167,0.16087526,1863,midi_notes,19.762500,17.874000
004warm__004warm_01_emg_exercise_summary.csv,004warm_01.csv,5,5,C major arpeggios,1309.798958,1310.897917,1327.672958,1328.771917,1.098958,0.15011467,1384,midi_notes,19.762500,17.874000
004warm__004warm_01_emg_exercise_summary.csv,004warm_01.csv,5,6,Anchored trill,1317.255208,1347.927083,1335.129208,1365.801083,30.671875,0.06259107,38624,midi_notes,19.762500,17.874000
007cold__007cold_01_emg_exercise_summary.csv,007cold_01.csv,1,1,C major scale 1 octave up/down,7.432292,39.943750,23.436542,55.948000,32.511458,0.22649055,40941,midi_notes,0.945833,16.004250
007cold__007cold_01_emg_exercise_summary.csv,007cold_01.csv,1,2,Max loudness chords,39.943750,66.033333,55.948000,82.037583,26.089583,0.31957941,32853,inferred_gap_no_midi_notes,0.945833,16.004250
007cold__007cold_01_emg_exercise_summary.csv,007cold_01.csv,1,3,"Hold G, 321",66.033333,95.779167,82.037583,111.783417,29.745833,0.22014726,37458,midi_notes,0.945833,16.004250
007cold__007cold_01_emg_exercise_summary.csv,007cold_01.csv,1,4,Chromatic octaves,102.240625,108.008333,118.244875,124.012583,5.767708,0.35031082,7263,midi_notes,0.945833,16.004250
007cold__007cold_01_emg_exercise_summary.csv,007cold_01.csv,1,5,C major arpeggios,133.971875,136.132292,149.976125,152.136542,2.160417,0.20592204,2721,midi_notes,0.945833,16.004250
007cold__007cold_01_emg_exercise_summary.csv,007cold_01.csv,1,6,Anchored trill,139.557292,171.398958,155.561542,187.403208,31.841667,0.18946866,40097,midi_notes,0.945833,16.004250
007cold__007cold_01_emg_exercise_summary.csv,007cold_01.csv,2,1,C major scale 1 octave up/down,406.378125,436.870833,422.382375,452.875083,30.492708,0.19494858,38399,midi_notes,0.945833,16.004250
007cold__007cold_01_emg_exercise_summary.csv,007cold_01.csv,2,2,Max loudness chords,436.870833,457.800000,452.875083,473.804250,20.929167,0.37419866,26355,inferred_gap_no_midi_notes,0.945833,16.004250
007cold__007cold_01_emg_exercise_summary.csv,007cold_01.csv,2,3,"Hold G, 321",457.800000,488.258333,473.804250,504.262583,30.458333,0.23442906,38355,midi_notes,0.945833,16.004250
007cold__007cold_01_emg_exercise_summary.csv,007cold_01.csv,2,4,Chromatic octaves,498.201042,502.255208,514.205292,518.259458,4.054167,0.40780730,5106,midi_notes,0.945833,16.004250
007cold__007cold_01_emg_exercise_summary.csv,007cold_01.csv,2,5,C major arpeggios,513.015625,518.856250,529.019875,534.860500,5.840625,0.09177386,7355,midi_notes,0.945833,16.004250
007cold__007cold_01_emg_exercise_summary.csv,007cold_01.csv,2,6,Anchored trill,522.521875,553.394792,538.526125,569.399042,30.872917,0.16001431,38877,midi_notes,0.945833,16.004250
007cold__007cold_01_emg_exercise_summary.csv,007cold_01.csv,3,1,C major scale 1 octave up/down,679.868750,710.785417,695.873000,726.789667,30.916667,0.19743062,38932,midi_notes,0.945833,16.004250
007cold__007cold_01_emg_exercise_summary.csv,007cold_01.csv,3,2,Max loudness chords,710.785417,744.653125,726.789667,760.657375,33.867708,0.33797629,42648,inferred_gap_no_midi_notes,0.945833,16.004250
007cold__007cold_01_emg_exercise_summary.csv,007cold_01.csv,3,3,"Hold G, 321",744.653125,776.472917,760.657375,792.477167,31.819792,0.25568810,40070,midi_notes,0.945833,16.004250
007cold__007cold_01_emg_exercise_summary.csv,007cold_01.csv,3,4,Chromatic octaves,813.250000,818.190625,829.254250,834.194875,4.940625,0.14275057,6221,midi_notes,0.945833,16.004250
007cold__007cold_01_emg_exercise_summary.csv,007cold_01.csv,3,5,C major arpeggios,825.014583,825.820833,841.018833,841.825083,0.806250,0.10738155,1016,midi_notes,0.945833,16.004250
007cold__007cold_01_emg_exercise_summary.csv,007cold_01.csv,3,6,Anchored trill,835.567708,866.263542,851.571958,882.267792,30.695833,0.17441870,38654,midi_notes,0.945833,16.004250
007cold__007cold_01_emg_exercise_summary.csv,007cold_01.csv,4,1,C major scale 1 octave up/down,1087.812500,1119.327083,1103.816750,1135.331333,31.514583,0.19545335,39685,midi_notes,0.945833,16.004250
007cold__007cold_01_emg_exercise_summary.csv,007cold_01.csv,4,2,Max loudness chords,1119.327083,1179.453125,1135.331333,1195.457375,60.126042,0.25315396,75714,inferred_gap_no_midi_notes,0.945833,16.004250
007cold__007cold_01_emg_exercise_summary.csv,007cold_01.csv,4,3,"Hold G, 321",1179.453125,1210.231250,1195.457375,1226.235500,30.778125,0.24106958,38758,midi_notes,0.945833,16.004250
007cold__007cold_01_emg_exercise_summary.csv,007cold_01.csv,4,4,Chromatic octaves,1216.525000,1220.409375,1232.529250,1236.413625,3.884375,0.40187475,4892,midi_notes,0.945833,16.004250
007cold__007cold_01_emg_exercise_summary.csv,007cold_01.csv,4,5,C major arpeggios,1220.409375,1220.409375,1236.413625,1236.413625,0.000000,nan,0,midi_notes,0.945833,16.004250
007cold__007cold_01_emg_exercise_summary.csv,007cold_01.csv,4,6,Anchored trill,1231.093750,1262.882292,1247.098000,1278.886542,31.788542,0.22220947,40030,midi_notes,0.945833,16.004250
007cold__007cold_01_emg_exercise_summary.csv,007cold_01.csv,5,1,C major scale 1 octave up/down,1392.569792,1423.618750,1408.574042,1439.623000,31.048958,0.22074051,39099,midi_notes,0.945833,16.004250
007cold__007cold_01_emg_exercise_summary.csv,007cold_01.csv,5,2,Max loudness chords,1423.618750,1439.390625,1439.623000,1455.394875,15.771875,0.37552690,19861,inferred_gap_no_midi_notes,0.945833,16.004250
007cold__007cold_01_emg_exercise_summary.csv,007cold_01.csv,5,3,"Hold G, 321",1439.390625,1470.236458,1455.394875,1486.240708,30.845833,0.28528220,38843,midi_notes,0.945833,16.004250
007cold__007cold_01_emg_exercise_summary.csv,007cold_01.csv,5,4,Chromatic octaves,1474.375000,1478.370833,1490.379250,1494.375083,3.995833,0.41014681,5032,midi_notes,0.945833,16.004250
007cold__007cold_01_emg_exercise_summary.csv,007cold_01.csv,5,5,C major arpeggios,1483.605208,1488.035417,1499.609458,1504.039667,4.430208,0.40655191,5578,midi_notes,0.945833,16.004250
007cold__007cold_01_emg_exercise_summary.csv,007cold_01.csv,5,6,Anchored trill,1491.876042,1523.164583,1507.880292,1539.168833,31.288542,0.21053795,39400,midi_notes,0.945833,16.004250
007warm__007warm_01_emg_exercise_summary.csv,007warm_01.csv,1,1,C major scale 1 octave up/down,35.375000,66.315625,54.443750,85.384375,30.940625,0.21260500,38963,midi_notes,24.256250,19.068750
007warm__007warm_01_emg_exercise_summary.csv,007warm_01.csv,1,2,Max loudness chords,66.315625,111.985417,85.384375,131.054167,45.669792,0.18749698,57510,inferred_gap_no_midi_notes,24.256250,19.068750
007warm__007warm_01_emg_exercise_summary.csv,007warm_01.csv,1,3,"Hold G, 321",111.985417,142.591667,131.054167,161.660417,30.606250,0.39042515,38541,midi_notes,24.256250,19.068750
007warm__007warm_01_emg_exercise_summary.csv,007warm_01.csv,1,4,Chromatic octaves,149.973958,154.093750,169.042708,173.162500,4.119792,0.51466527,5188,midi_notes,24.256250,19.068750
007warm__007warm_01_emg_exercise_summary.csv,007warm_01.csv,1,5,C major arpeggios,160.376042,163.472917,179.444792,182.541667,3.096875,1.24805488,3900,midi_notes,24.256250,19.068750
007warm__007warm_01_emg_exercise_summary.csv,007warm_01.csv,1,6,Anchored trill,212.123958,243.405208,231.192708,262.473958,31.281250,0.16542076,39391,midi_notes,24.256250,19.068750
007warm__007warm_01_emg_exercise_summary.csv,007warm_01.csv,2,1,C major scale 1 octave up/down,500.705208,531.591667,519.773958,550.660417,30.886458,0.39205900,38894,midi_notes,24.256250,19.068750
007warm__007warm_01_emg_exercise_summary.csv,007warm_01.csv,2,2,Max loudness chords,531.591667,555.603125,550.660417,574.671875,24.011458,0.13060474,30236,inferred_gap_no_midi_notes,24.256250,19.068750
007warm__007warm_01_emg_exercise_summary.csv,007warm_01.csv,2,3,"Hold G, 321",555.603125,586.776042,574.671875,605.844792,31.172917,0.30089179,39255,midi_notes,24.256250,19.068750
007warm__007warm_01_emg_exercise_summary.csv,007warm_01.csv,2,4,Chromatic octaves,593.293750,597.243750,612.362500,616.312500,3.950000,0.33869256,4974,midi_notes,24.256250,19.068750
007warm__007warm_01_emg_exercise_summary.csv,007warm_01.csv,2,5,C major arpeggios,597.243750,597.243750,616.312500,616.312500,0.000000,nan,0,midi_notes,24.256250,19.068750
007warm__007warm_01_emg_exercise_summary.csv,007warm_01.csv,2,6,Anchored trill,632.515625,663.708333,651.584375,682.777083,31.192708,0.13854375,39280,midi_notes,24.256250,19.068750
007warm__007warm_01_emg_exercise_summary.csv,007warm_01.csv,3,1,C major scale 1 octave up/down,969.246875,1000.813542,988.315625,1019.882292,31.566667,0.35764272,39751,midi_notes,24.256250,19.068750
007warm__007warm_01_emg_exercise_summary.csv,007warm_01.csv,3,2,Max loudness chords,1000.813542,1048.456250,1019.882292,1067.525000,47.642708,0.07546107,59994,inferred_gap_no_midi_notes,24.256250,19.068750
007warm__007warm_01_emg_exercise_summary.csv,007warm_01.csv,3,3,"Hold G, 321",1048.456250,1079.600000,1067.525000,1098.668750,31.143750,0.29201498,39218,midi_notes,24.256250,19.068750
007warm__007warm_01_emg_exercise_summary.csv,007warm_01.csv,3,4,Chromatic octaves,1084.159375,1089.460417,1103.228125,1108.529167,5.301042,0.27856266,6675,midi_notes,24.256250,19.068750
007warm__007warm_01_emg_exercise_summary.csv,007warm_01.csv,3,5,C major arpeggios,1093.972917,1096.220833,1113.041667,1115.289583,2.247917,0.28273452,2830,midi_notes,24.256250,19.068750
007warm__007warm_01_emg_exercise_summary.csv,007warm_01.csv,3,6,Anchored trill,1176.839583,1208.854167,1195.908333,1227.922917,32.014583,0.15436675,40315,midi_notes,24.256250,19.068750
007warm__007warm_01_emg_exercise_summary.csv,007warm_01.csv,4,1,C major scale 1 octave up/down,1550.038542,1581.973958,1569.107292,1601.042708,31.935417,0.32238222,40215,midi_notes,24.256250,19.068750
007warm__007warm_01_emg_exercise_summary.csv,007warm_01.csv,4,2,Max loudness chords,1581.973958,1600.833333,1601.042708,1619.902083,18.859375,0.14342135,23749,inferred_gap_no_midi_notes,24.256250,19.068750
007warm__007warm_01_emg_exercise_summary.csv,007warm_01.csv,4,3,"Hold G, 321",1600.833333,1631.521875,1619.902083,1650.590625,30.688542,0.28627879,38645,midi_notes,24.256250,19.068750
007warm__007warm_01_emg_exercise_summary.csv,007warm_01.csv,4,4,Chromatic octaves,1737.402083,1741.771875,1756.470833,1760.840625,4.369792,0.27665912,5502,midi_notes,24.256250,19.068750
007warm__007warm_01_emg_exercise_summary.csv,007warm_01.csv,4,5,C major arpeggios,1741.771875,1741.771875,1760.840625,1760.840625,0.000000,nan,0,midi_notes,24.256250,19.068750
007warm__007warm_01_emg_exercise_summary.csv,007warm_01.csv,4,6,Anchored trill,1755.102083,1785.023958,1774.170833,1804.092708,29.921875,0.14760681,37679,midi_notes,24.256250,19.068750
007warm__007warm_01_emg_exercise_summary.csv,007warm_01.csv,5,1,C major scale 1 octave up/down,2015.984375,2046.957292,2035.053125,2066.026042,30.972917,0.31419043,39003,midi_notes,24.256250,19.068750
007warm__007warm_01_emg_exercise_summary.csv,007warm_01.csv,5,2,Max loudness chords,2046.957292,2069.036458,2066.026042,2088.105208,22.079167,0.10701386,27803,inferred_gap_no_midi_notes,24.256250,19.068750
007warm__007warm_01_emg_exercise_summary.csv,007warm_01.csv,5,3,"Hold G, 321",2069.036458,2100.332292,2088.105208,2119.401042,31.295833,0.30333988,39410,midi_notes,24.256250,19.068750
007warm__007warm_01_emg_exercise_summary.csv,007warm_01.csv,5,4,Chromatic octaves,2107.072917,2111.109375,2126.141667,2130.178125,4.036458,0.29950433,5083,midi_notes,24.256250,19.068750
007warm__007warm_01_emg_exercise_summary.csv,007warm_01.csv,5,5,C major arpeggios,2190.739583,2191.552083,2209.808333,2210.620833,0.812500,0.29788956,1023,midi_notes,24.256250,19.068750
007warm__007warm_01_emg_exercise_summary.csv,007warm_01.csv,5,6,Anchored trill,2200.234375,2232.130208,2219.303125,2251.198958,31.895833,0.15849231,40165,midi_notes,24.256250,19.068750
008cold__008cold_01_emg_exercise_summary.csv,008cold_01.csv,1,1,C major scale 1 octave up/down,19.333333,50.212500,28.007083,58.886250,30.879167,0.12505695,38885,midi_notes,8.295833,8.673750
008cold__008cold_01_emg_exercise_summary.csv,008cold_01.csv,1,2,Max loudness chords,50.212500,87.139583,58.886250,95.813333,36.927083,0.04276596,46500,inferred_gap_no_midi_notes,8.295833,8.673750
008cold__008cold_01_emg_exercise_summary.csv,008cold_01.csv,1,3,"Hold G, 321",87.139583,119.609375,95.813333,128.283125,32.469792,0.12153339,40888,midi_notes,8.295833,8.673750
008cold__008cold_01_emg_exercise_summary.csv,008cold_01.csv,1,4,Chromatic octaves,122.448958,130.135417,131.122708,138.809167,7.686458,0.14387012,9679,midi_notes,8.295833,8.673750
008cold__008cold_01_emg_exercise_summary.csv,008cold_01.csv,1,5,C major arpeggios,135.048958,137.956250,143.722708,146.630000,2.907292,0.12057872,3661,midi_notes,8.295833,8.673750
008cold__008cold_01_emg_exercise_summary.csv,008cold_01.csv,1,6,Anchored trill,141.311458,170.975000,149.985208,179.648750,29.663542,0.06152503,37354,midi_notes,8.295833,8.673750
008cold__008cold_01_emg_exercise_summary.csv,008cold_01.csv,2,1,C major scale 1 octave up/down,319.057292,350.417708,327.731042,359.091458,31.360417,0.12728474,39491,midi_notes,8.295833,8.673750
008cold__008cold_01_emg_exercise_summary.csv,008cold_01.csv,2,2,Max loudness chords,350.417708,374.694792,359.091458,383.368542,24.277083,0.05686508,30571,inferred_gap_no_midi_notes,8.295833,8.673750
008cold__008cold_01_emg_exercise_summary.csv,008cold_01.csv,2,3,"Hold G, 321",374.694792,407.504167,383.368542,416.177917,32.809375,0.12870034,41315,midi_notes,8.295833,8.673750
008cold__008cold_01_emg_exercise_summary.csv,008cold_01.csv,2,4,Chromatic octaves,413.528125,418.705208,422.201875,427.378958,5.177083,0.17312499,6519,midi_notes,8.295833,8.673750
008cold__008cold_01_emg_exercise_summary.csv,008cold_01.csv,2,5,C major arpeggios,418.705208,418.705208,427.378958,427.378958,0.000000,nan,0,midi_notes,8.295833,8.673750
008cold__008cold_01_emg_exercise_summary.csv,008cold_01.csv,2,6,Anchored trill,425.841667,458.343750,434.515417,467.017500,32.502083,0.07003524,40929,midi_notes,8.295833,8.673750
008cold__008cold_01_emg_exercise_summary.csv,008cold_01.csv,3,1,C major scale 1 octave up/down,573.751042,614.785417,582.424792,623.459167,41.034375,0.08667520,51673,midi_notes,8.295833,8.673750
008cold__008cold_01_emg_exercise_summary.csv,008cold_01.csv,3,2,Max loudness chords,614.785417,617.913542,623.459167,626.587292,3.128125,0.03816253,3939,inferred_gap_no_midi_notes,8.295833,8.673750
008cold__008cold_01_emg_exercise_summary.csv,008cold_01.csv,3,3,"Hold G, 321",617.913542,649.614583,626.587292,658.288333,31.701042,0.13659873,39920,midi_notes,8.295833,8.673750
008cold__008cold_01_emg_exercise_summary.csv,008cold_01.csv,3,4,Chromatic octaves,729.885417,743.639583,738.559167,752.313333,13.754167,0.13665914,17320,midi_notes,8.295833,8.673750
008cold__008cold_01_emg_exercise_summary.csv,008cold_01.csv,3,5,C major arpeggios,747.455208,748.444792,756.128958,757.118542,0.989583,0.13960015,1246,midi_notes,8.295833,8.673750
008cold__008cold_01_emg_exercise_summary.csv,008cold_01.csv,3,6,Anchored trill,752.812500,798.588542,761.486250,807.262292,45.776042,0.06833237,57644,midi_notes,8.295833,8.673750
008cold__008cold_01_emg_exercise_summary.csv,008cold_01.csv,4,1,C major scale 1 octave up/down,924.938542,953.813542,933.612292,962.487292,28.875000,0.13696860,36362,midi_notes,8.295833,8.673750
008cold__008cold_01_emg_exercise_summary.csv,008cold_01.csv,4,2,Max loudness chords,953.813542,990.323958,962.487292,998.997708,36.510417,0.05548680,45976,inferred_gap_no_midi_notes,8.295833,8.673750
008cold__008cold_01_emg_exercise_summary.csv,008cold_01.csv,4,3,"Hold G, 321",990.323958,1028.329167,998.997708,1037.002917,38.005208,0.13790444,47858,midi_notes,8.295833,8.673750
008cold__008cold_01_emg_exercise_summary.csv,008cold_01.csv,4,4,Chromatic octaves,1037.091667,1042.301042,1045.765417,1050.974792,5.209375,0.17453912,6560,midi_notes,8.295833,8.673750
008cold__008cold_01_emg_exercise_summary.csv,008cold_01.csv,4,5,C major arpeggios,1042.301042,1042.301042,1050.974792,1050.974792,0.000000,nan,0,midi_notes,8.295833,8.673750
008cold__008cold_01_emg_exercise_summary.csv,008cold_01.csv,4,6,Anchored trill,1051.353125,1082.782292,1060.026875,1091.456042,31.429167,0.07013825,39578,midi_notes,8.295833,8.673750
008cold__008cold_01_emg_exercise_summary.csv,008cold_01.csv,5,1,C major scale 1 octave up/down,1260.427083,1293.809375,1269.100833,1302.483125,33.382292,0.13404772,42037,midi_notes,8.295833,8.673750
008cold__008cold_01_emg_exercise_summary.csv,008cold_01.csv,5,2,Max loudness chords,1293.809375,1294.561458,1302.483125,1303.235208,0.752083,0.05904406,948,inferred_gap_no_midi_notes,8.295833,8.673750
008cold__008cold_01_emg_exercise_summary.csv,008cold_01.csv,5,3,"Hold G, 321",1294.561458,1310.710417,1303.235208,1319.384167,16.148958,0.11458254,20335,midi_notes,8.295833,8.673750
008cold__008cold_01_emg_exercise_summary.csv,008cold_01.csv,5,4,Chromatic octaves,1374.393750,1381.282292,1383.067500,1389.956042,6.888542,0.15804340,8675,midi_notes,8.295833,8.673750
008cold__008cold_01_emg_exercise_summary.csv,008cold_01.csv,5,5,C major arpeggios,1388.022917,1389.065625,1396.696667,1397.739375,1.042708,0.16622637,1313,midi_notes,8.295833,8.673750
008cold__008cold_01_emg_exercise_summary.csv,008cold_01.csv,5,6,Anchored trill,1391.358333,1425.191667,1400.032083,1433.865417,33.833333,0.07058344,42605,midi_notes,8.295833,8.673750
008warm__008warm_01_emg_exercise_summary.csv,008warm_01.csv,1,1,C major scale 1 octave up/down,27.866667,60.191667,47.002917,79.327917,32.325000,0.05172087,40706,midi_notes,28.882292,19.136250
008warm__008warm_01_emg_exercise_summary.csv,008warm_01.csv,1,2,Max loudness chords,60.191667,103.031250,79.327917,122.167500,42.839583,0.13100904,53946,inferred_gap_no_midi_notes,28.882292,19.136250
008warm__008warm_01_emg_exercise_summary.csv,008warm_01.csv,1,3,"Hold G, 321",103.031250,130.175000,122.167500,149.311250,27.143750,0.06262156,34181,midi_notes,28.882292,19.136250
008warm__008warm_01_emg_exercise_summary.csv,008warm_01.csv,1,4,Chromatic octaves,164.393750,171.459375,183.530000,190.595625,7.065625,0.13047111,8898,midi_notes,28.882292,19.136250
008warm__008warm_01_emg_exercise_summary.csv,008warm_01.csv,1,5,C major arpeggios,175.965625,176.797917,195.101875,195.934167,0.832292,0.04097603,1048,midi_notes,28.882292,19.136250
008warm__008warm_01_emg_exercise_summary.csv,008warm_01.csv,1,6,Anchored trill,191.078125,220.687500,210.214375,239.823750,29.609375,0.06490154,37286,midi_notes,28.882292,19.136250
008warm__008warm_01_emg_exercise_summary.csv,008warm_01.csv,2,1,C major scale 1 octave up/down,406.042708,448.744792,425.178958,467.881042,42.702083,0.06575264,53773,midi_notes,28.882292,19.136250
008warm__008warm_01_emg_exercise_summary.csv,008warm_01.csv,2,2,Max loudness chords,448.744792,481.142708,467.881042,500.278958,32.397917,0.11922118,40797,inferred_gap_no_midi_notes,28.882292,19.136250
008warm__008warm_01_emg_exercise_summary.csv,008warm_01.csv,2,3,"Hold G, 321",481.142708,513.285417,500.278958,532.421667,32.142708,0.04977567,40476,midi_notes,28.882292,19.136250
008warm__008warm_01_emg_exercise_summary.csv,008warm_01.csv,2,4,Chromatic octaves,517.364583,527.301042,536.500833,546.437292,9.936458,0.12670474,12513,midi_notes,28.882292,19.136250
008warm__008warm_01_emg_exercise_summary.csv,008warm_01.csv,2,5,C major arpeggios,527.301042,527.301042,546.437292,546.437292,0.000000,nan,0,midi_notes,28.882292,19.136250
008warm__008warm_01_emg_exercise_summary.csv,008warm_01.csv,2,6,Anchored trill,548.972917,566.548958,568.109167,585.685208,17.576042,0.08584909,22133,midi_notes,28.882292,19.136250
008warm__008warm_01_emg_exercise_summary.csv,008warm_01.csv,3,1,C major scale 1 octave up/down,688.891667,720.142708,708.027917,739.278958,31.251042,0.03230363,39353,midi_notes,28.882292,19.136250
008warm__008warm_01_emg_exercise_summary.csv,008warm_01.csv,3,2,Max loudness chords,720.142708,753.597917,739.278958,772.734167,33.455208,0.11686043,42129,inferred_gap_no_midi_notes,28.882292,19.136250
008warm__008warm_01_emg_exercise_summary.csv,008warm_01.csv,3,3,"Hold G, 321",753.597917,777.161458,772.734167,796.297708,23.563542,0.05346856,29673,midi_notes,28.882292,19.136250
008warm__008warm_01_emg_exercise_summary.csv,008warm_01.csv,3,4,Chromatic octaves,797.721875,805.598958,816.858125,824.735208,7.877083,0.12270773,9919,midi_notes,28.882292,19.136250
008warm__008warm_01_emg_exercise_summary.csv,008warm_01.csv,3,5,C major arpeggios,814.960417,816.002083,834.096667,835.138333,1.041667,0.12409170,1312,midi_notes,28.882292,19.136250
008warm__008warm_01_emg_exercise_summary.csv,008warm_01.csv,3,6,Anchored trill,820.370833,854.962500,839.507083,874.098750,34.591667,0.06785336,43559,midi_notes,28.882292,19.136250
008warm__008warm_01_emg_exercise_summary.csv,008warm_01.csv,4,1,C major scale 1 octave up/down,989.878125,1016.268750,1009.014375,1035.405000,26.390625,0.04020981,33233,midi_notes,28.882292,19.136250
008warm__008warm_01_emg_exercise_summary.csv,008warm_01.csv,4,2,Max loudness chords,1016.268750,1065.820833,1035.405000,1084.957083,49.552083,0.09871053,62399,inferred_gap_no_midi_notes,28.882292,19.136250
008warm__008warm_01_emg_exercise_summary.csv,008warm_01.csv,4,3,"Hold G, 321",1065.820833,1105.527083,1084.957083,1124.663333,39.706250,0.06776299,50000,midi_notes,28.882292,19.136250
008warm__008warm_01_emg_exercise_summary.csv,008warm_01.csv,4,4,Chromatic octaves,1115.961458,1121.226042,1135.097708,1140.362292,5.264583,0.11417910,6629,midi_notes,28.882292,19.136250
008warm__008warm_01_emg_exercise_summary.csv,008warm_01.csv,4,5,C major arpeggios,1130.678125,1131.756250,1149.814375,1150.892500,1.078125,0.11529713,1358,midi_notes,28.882292,19.136250
008warm__008warm_01_emg_exercise_summary.csv,008warm_01.csv,4,6,Anchored trill,1140.947917,1185.755208,1160.084167,1204.891458,44.807292,0.07106573,56424,midi_notes,28.882292,19.136250
008warm__008warm_01_emg_exercise_summary.csv,008warm_01.csv,5,1,C major scale 1 octave up/down,1291.423958,1322.715625,1310.560208,1341.851875,31.291667,0.04475330,39404,midi_notes,28.882292,19.136250
008warm__008warm_01_emg_exercise_summary.csv,008warm_01.csv,5,2,Max loudness chords,1322.715625,1360.902083,1341.851875,1380.038333,38.186458,0.10252476,48087,inferred_gap_no_midi_notes,28.882292,19.136250
008warm__008warm_01_emg_exercise_summary.csv,008warm_01.csv,5,3,"Hold G, 321",1360.902083,1391.711458,1380.038333,1410.847708,30.809375,0.05298295,38797,midi_notes,28.882292,19.136250
008warm__008warm_01_emg_exercise_summary.csv,008warm_01.csv,5,4,Chromatic octaves,1405.331250,1411.216667,1424.467500,1430.352917,5.885417,0.12552869,7412,midi_notes,28.882292,19.136250
008warm__008warm_01_emg_exercise_summary.csv,008warm_01.csv,5,5,C major arpeggios,1411.216667,1411.216667,1430.352917,1430.352917,0.000000,nan,0,midi_notes,28.882292,19.136250
008warm__008warm_01_emg_exercise_summary.csv,008warm_01.csv,5,6,Anchored trill,1423.544792,1464.725000,1442.681042,1483.861250,41.180208,0.07946586,51857,midi_notes,28.882292,19.136250
009cold__009cold._2_emg_exercise_summary.csv,009cold. (2).csv,1,1,C major scale 1 octave up/down,10.716667,42.439583,15.326917,47.049833,31.722917,0.47234255,39947,midi_notes,1.137500,4.610250
009cold__009cold._2_emg_exercise_summary.csv,009cold. (2).csv,1,2,Max loudness chords,42.439583,59.409375,47.049833,64.019625,16.969792,0.34383970,21370,inferred_gap_no_midi_notes,1.137500,4.610250
009cold__009cold._2_emg_exercise_summary.csv,009cold. (2).csv,1,3,"Hold G, 321",59.409375,89.845833,64.019625,94.456083,30.436458,0.28676453,38327,midi_notes,1.137500,4.610250
009cold__009cold._2_emg_exercise_summary.csv,009cold. (2).csv,1,4,Chromatic octaves,92.121875,96.229167,96.732125,100.839417,4.107292,0.78073940,5172,midi_notes,1.137500,4.610250
009cold__009cold._2_emg_exercise_summary.csv,009cold. (2).csv,1,5,C major arpeggios,100.058333,101.156250,104.668583,105.766500,1.097917,0.69056569,1383,midi_notes,1.137500,4.610250
009cold__009cold._2_emg_exercise_summary.csv,009cold. (2).csv,1,6,Anchored trill,103.958333,134.626042,108.568583,139.236292,30.667708,0.14397086,38619,midi_notes,1.137500,4.610250
009cold__009cold._2_emg_exercise_summary.csv,009cold. (2).csv,2,1,C major scale 1 octave up/down,377.410417,409.197917,382.020667,413.808167,31.787500,0.86107796,40028,midi_notes,1.137500,4.610250
009cold__009cold._2_emg_exercise_summary.csv,009cold. (2).csv,2,2,Max loudness chords,409.197917,425.979167,413.808167,430.589417,16.781250,0.51935974,21132,inferred_gap_no_midi_notes,1.137500,4.610250
009cold__009cold._2_emg_exercise_summary.csv,009cold. (2).csv,2,3,"Hold G, 321",425.979167,456.934375,430.589417,461.544625,30.955208,0.44288226,38981,midi_notes,1.137500,4.610250
009cold__009cold._2_emg_exercise_summary.csv,009cold. (2).csv,2,4,Chromatic octaves,459.977083,464.281250,464.587333,468.891500,4.304167,1.20664661,5420,midi_notes,1.137500,4.610250
009cold__009cold._2_emg_exercise_summary.csv,009cold. (2).csv,2,5,C major arpeggios,465.876042,469.101042,470.486292,473.711292,3.225000,0.91082561,4061,midi_notes,1.137500,4.610250
009cold__009cold._2_emg_exercise_summary.csv,009cold. (2).csv,2,6,Anchored trill,471.641667,502.509375,476.251917,507.119625,30.867708,0.25983991,38871,midi_notes,1.137500,4.610250
009cold__009cold._2_emg_exercise_summary.csv,009cold. (2).csv,3,1,C major scale 1 octave up/down,671.395833,702.265625,676.006083,706.875875,30.869792,1.07538014,38873,midi_notes,1.137500,4.610250
009cold__009cold._2_emg_exercise_summary.csv,009cold. (2).csv,3,2,Max loudness chords,702.265625,719.669792,706.875875,724.280042,17.404167,0.67114139,21917,inferred_gap_no_midi_notes,1.137500,4.610250
009cold__009cold._2_emg_exercise_summary.csv,009cold. (2).csv,3,3,"Hold G, 321",719.669792,750.468750,724.280042,755.079000,30.798958,0.49767670,38784,midi_notes,1.137500,4.610250
009cold__009cold._2_emg_exercise_summary.csv,009cold. (2).csv,3,4,Chromatic octaves,752.980208,758.089583,757.590458,762.699833,5.109375,1.61803287,6434,midi_notes,1.137500,4.610250
009cold__009cold._2_emg_exercise_summary.csv,009cold. (2).csv,3,5,C major arpeggios,759.926042,763.571875,764.536292,768.182125,3.645833,1.03044072,4591,midi_notes,1.137500,4.610250
009cold__009cold._2_emg_exercise_summary.csv,009cold. (2).csv,3,6,Anchored trill,766.086458,796.659375,770.696708,801.269625,30.572917,0.33803242,38500,midi_notes,1.137500,4.610250
009cold__009cold._2_emg_exercise_summary.csv,009cold. (2).csv,4,1,C major scale 1 octave up/down,1044.686458,1074.856250,1049.296708,1079.466500,30.169792,1.45034189,37992,midi_notes,1.137500,4.610250
009cold__009cold._2_emg_exercise_summary.csv,009cold. (2).csv,4,2,Max loudness chords,1074.856250,1090.570833,1079.466500,1095.181083,15.714583,0.81049675,19788,inferred_gap_no_midi_notes,1.137500,4.610250
009cold__009cold._2_emg_exercise_summary.csv,009cold. (2).csv,4,3,"Hold G, 321",1090.570833,1122.490625,1095.181083,1127.100875,31.919792,0.60093191,40196,midi_notes,1.137500,4.610250
009cold__009cold._2_emg_exercise_summary.csv,009cold. (2).csv,4,4,Chromatic octaves,1125.108333,1129.154167,1129.718583,1133.764417,4.045833,1.69532933,5095,midi_notes,1.137500,4.610250
009cold__009cold._2_emg_exercise_summary.csv,009cold. (2).csv,4,5,C major arpeggios,1130.839583,1134.160417,1135.449833,1138.770667,3.320833,1.44956666,4182,midi_notes,1.137500,4.610250
009cold__009cold._2_emg_exercise_summary.csv,009cold. (2).csv,4,6,Anchored trill,1136.535417,1167.297917,1141.145667,1171.908167,30.762500,0.40665402,38738,midi_notes,1.137500,4.610250
009cold__009cold._2_emg_exercise_summary.csv,009cold. (2).csv,5,1,C major scale 1 octave up/down,1238.007292,1268.503125,1242.617542,1273.113375,30.495833,1.21490183,38402,midi_notes,1.137500,4.610250
009cold__009cold._2_emg_exercise_summary.csv,009cold. (2).csv,5,2,Max loudness chords,1268.503125,1285.566667,1273.113375,1290.176917,17.063542,0.75621929,21488,inferred_gap_no_midi_notes,1.137500,4.610250
009cold__009cold._2_emg_exercise_summary.csv,009cold. (2).csv,5,3,"Hold G, 321",1285.566667,1317.081250,1290.176917,1321.691500,31.514583,0.54518490,39685,midi_notes,1.137500,4.610250
009cold__009cold._2_emg_exercise_summary.csv,009cold. (2).csv,5,4,Chromatic octaves,1319.719792,1323.852083,1324.330042,1328.462333,4.132292,1.69880802,5204,midi_notes,1.137500,4.610250
009cold__009cold._2_emg_exercise_summary.csv,009cold. (2).csv,5,5,C major arpeggios,1325.541667,1326.675000,1330.151917,1331.285250,1.133333,1.35324984,1427,midi_notes,1.137500,4.610250
009cold__009cold._2_emg_exercise_summary.csv,009cold. (2).csv,5,6,Anchored trill,1331.357292,1362.409375,1335.967542,1367.019625,31.052083,0.35823233,39103,midi_notes,1.137500,4.610250
009warm__009warm_2_emg_exercise_summary.csv,009warm (2).csv,1,1,C major scale 1 octave up/down,12.836458,43.866667,26.133958,57.164167,31.030208,0.28395530,39075,midi_notes,50.858333,13.297500
009warm__009warm_2_emg_exercise_summary.csv,009warm (2).csv,1,2,Max loudness chords,43.866667,62.138542,57.164167,75.436042,18.271875,0.28030954,23009,inferred_gap_no_midi_notes,50.858333,13.297500
009warm__009warm_2_emg_exercise_summary.csv,009warm (2).csv,1,3,"Hold G, 321",62.138542,91.813542,75.436042,105.111042,29.675000,0.28240069,37369,midi_notes,50.858333,13.297500
009warm__009warm_2_emg_exercise_summary.csv,009warm (2).csv,1,4,Chromatic octaves,96.453125,104.190625,109.750625,117.488125,7.737500,0.20615298,9744,midi_notes,50.858333,13.297500
009warm__009warm_2_emg_exercise_summary.csv,009warm (2).csv,1,5,C major arpeggios,111.517708,112.881250,124.815208,126.178750,1.363542,0.26663269,1717,midi_notes,50.858333,13.297500
009warm__009warm_2_emg_exercise_summary.csv,009warm (2).csv,1,6,Anchored trill,116.913542,146.396875,130.211042,159.694375,29.483333,0.33233018,37127,midi_notes,50.858333,13.297500
009warm__009warm_2_emg_exercise_summary.csv,009warm (2).csv,2,1,C major scale 1 octave up/down,332.168750,362.911458,345.466250,376.208958,30.742708,0.26931659,38713,midi_notes,50.858333,13.297500
009warm__009warm_2_emg_exercise_summary.csv,009warm (2).csv,2,2,Max loudness chords,362.911458,380.958333,376.208958,394.255833,18.046875,0.44971163,22726,inferred_gap_no_midi_notes,50.858333,13.297500
009warm__009warm_2_emg_exercise_summary.csv,009warm (2).csv,2,3,"Hold G, 321",380.958333,411.512500,394.255833,424.810000,30.554167,0.41455099,38475,midi_notes,50.858333,13.297500
009warm__009warm_2_emg_exercise_summary.csv,009warm (2).csv,2,4,Chromatic octaves,415.334375,420.278125,428.631875,433.575625,4.943750,0.17429868,6226,midi_notes,50.858333,13.297500
009warm__009warm_2_emg_exercise_summary.csv,009warm (2).csv,2,5,C major arpeggios,420.278125,420.278125,433.575625,433.575625,0.000000,nan,0,midi_notes,50.858333,13.297500
009warm__009warm_2_emg_exercise_summary.csv,009warm (2).csv,2,6,Anchored trill,430.685417,461.381250,443.982917,474.678750,30.695833,0.38597372,38654,midi_notes,50.858333,13.297500
009warm__009warm_2_emg_exercise_summary.csv,009warm (2).csv,3,1,C major scale 1 octave up/down,617.620833,648.206250,630.918333,661.503750,30.585417,0.06493691,38515,midi_notes,50.858333,13.297500
009warm__009warm_2_emg_exercise_summary.csv,009warm (2).csv,3,2,Max loudness chords,648.206250,664.959375,661.503750,678.256875,16.753125,0.53835524,21097,inferred_gap_no_midi_notes,50.858333,13.297500
009warm__009warm_2_emg_exercise_summary.csv,009warm (2).csv,3,3,"Hold G, 321",664.959375,695.308333,678.256875,708.605833,30.348958,0.44215471,38217,midi_notes,50.858333,13.297500
009warm__009warm_2_emg_exercise_summary.csv,009warm (2).csv,3,4,Chromatic octaves,697.530208,702.861458,710.827708,716.158958,5.331250,0.28088222,6713,midi_notes,50.858333,13.297500
009warm__009warm_2_emg_exercise_summary.csv,009warm (2).csv,3,5,C major arpeggios,704.964583,708.294792,718.262083,721.592292,3.330208,0.25022286,4193,midi_notes,50.858333,13.297500
009warm__009warm_2_emg_exercise_summary.csv,009warm (2).csv,3,6,Anchored trill,713.004167,743.860417,726.301667,757.157917,30.856250,0.47411567,38856,midi_notes,50.858333,13.297500
009warm__009warm_2_emg_exercise_summary.csv,009warm (2).csv,4,1,C major scale 1 octave up/down,936.706250,967.928125,950.003750,981.225625,31.221875,0.21115252,39316,midi_notes,50.858333,13.297500
009warm__009warm_2_emg_exercise_summary.csv,009warm (2).csv,4,2,Max loudness chords,967.928125,984.652083,981.225625,997.949583,16.723958,0.55077129,21060,inferred_gap_no_midi_notes,50.858333,13.297500
009warm__009warm_2_emg_exercise_summary.csv,009warm (2).csv,4,3,"Hold G, 321",984.652083,1015.001042,997.949583,1028.298542,30.348958,0.39346708,38217,midi_notes,50.858333,13.297500
009warm__009warm_2_emg_exercise_summary.csv,009warm (2).csv,4,4,Chromatic octaves,1017.346875,1021.261458,1030.644375,1034.558958,3.914583,0.29245072,4929,midi_notes,50.858333,13.297500
009warm__009warm_2_emg_exercise_summary.csv,009warm (2).csv,4,5,C major arpeggios,1021.261458,1021.261458,1034.558958,1034.558958,0.000000,nan,0,midi_notes,50.858333,13.297500
009warm__009warm_2_emg_exercise_summary.csv,009warm (2).csv,4,6,Anchored trill,1029.232292,1059.732292,1042.529792,1073.029792,30.500000,0.39969892,38407,midi_notes,50.858333,13.297500
009warm__009warm_2_emg_exercise_summary.csv,009warm (2).csv,5,1,C major scale 1 octave up/down,1300.430208,1331.790625,1313.727708,1345.088125,31.360417,0.13231695,39491,midi_notes,50.858333,13.297500
009warm__009warm_2_emg_exercise_summary.csv,009warm (2).csv,5,2,Max loudness chords,1331.790625,1349.731250,1345.088125,1363.028750,17.940625,0.57213018,22592,inferred_gap_no_midi_notes,50.858333,13.297500
009warm__009warm_2_emg_exercise_summary.csv,009warm (2).csv,5,3,"Hold G, 321",1349.731250,1380.080208,1363.028750,1393.377708,30.348958,0.43625912,38217,midi_notes,50.858333,13.297500
009warm__009warm_2_emg_exercise_summary.csv,009warm (2).csv,5,4,Chromatic octaves,1383.078125,1387.111458,1396.375625,1400.408958,4.033333,0.33015644,5079,midi_notes,50.858333,13.297500
009warm__009warm_2_emg_exercise_summary.csv,009warm (2).csv,5,5,C major arpeggios,1390.625000,1391.766667,1403.922500,1405.064167,1.141667,0.22106694,1438,midi_notes,50.858333,13.297500
009warm__009warm_2_emg_exercise_summary.csv,009warm (2).csv,5,6,Anchored trill,1394.305208,1425.128125,1407.602708,1438.425625,30.822917,0.43794742,38814,midi_notes,50.858333,13.297500
010cold__010cold_emg_exercise_summary.csv,010cold.csv,1,1,C major scale 1 octave up/down,7.430208,40.916667,15.253458,48.739917,33.486458,1.36037531,42168,midi_notes,14.629167,7.823250
010cold__010cold_emg_exercise_summary.csv,010cold.csv,1,2,Max loudness chords,40.916667,50.305208,48.739917,58.128458,9.388542,1.08753759,11822,inferred_gap_no_midi_notes,14.629167,7.823250
010cold__010cold_emg_exercise_summary.csv,010cold.csv,1,3,"Hold G, 321",50.305208,81.487500,58.128458,89.310750,31.182292,2.00931555,39267,midi_notes,14.629167,7.823250
010cold__010cold_emg_exercise_summary.csv,010cold.csv,1,4,Chromatic octaves,83.837500,88.360417,91.660750,96.183667,4.522917,0.71495838,5696,midi_notes,14.629167,7.823250
010cold__010cold_emg_exercise_summary.csv,010cold.csv,1,5,C major arpeggios,90.347917,91.500000,98.171167,99.323250,1.152083,1.32630430,1451,midi_notes,14.629167,7.823250
010cold__010cold_emg_exercise_summary.csv,010cold.csv,1,6,Anchored trill,97.260417,127.334375,105.083667,135.157625,30.073958,0.17690459,37871,midi_notes,14.629167,7.823250
010cold__010cold_emg_exercise_summary.csv,010cold.csv,2,1,C major scale 1 octave up/down,331.715625,361.991667,339.538875,369.814917,30.276042,2.20612220,38125,midi_notes,14.629167,7.823250
010cold__010cold_emg_exercise_summary.csv,010cold.csv,2,2,Max loudness chords,361.991667,370.954167,369.814917,378.777417,8.962500,2.12851677,11286,inferred_gap_no_midi_notes,14.629167,7.823250
010cold__010cold_emg_exercise_summary.csv,010cold.csv,2,3,"Hold G, 321",370.954167,401.598958,378.777417,409.422208,30.644792,2.45817141,38590,midi_notes,14.629167,7.823250
010cold__010cold_emg_exercise_summary.csv,010cold.csv,2,4,Chromatic octaves,404.016667,408.996875,411.839917,416.820125,4.980208,1.50891375,6271,midi_notes,14.629167,7.823250
010cold__010cold_emg_exercise_summary.csv,010cold.csv,2,5,C major arpeggios,411.473958,415.077083,419.297208,422.900333,3.603125,0.78187919,4538,midi_notes,14.629167,7.823250
010cold__010cold_emg_exercise_summary.csv,010cold.csv,2,6,Anchored trill,417.097917,447.652083,424.921167,455.475333,30.554167,2.53879483,38476,midi_notes,14.629167,7.823250
010cold__010cold_emg_exercise_summary.csv,010cold.csv,3,1,C major scale 1 octave up/down,620.017708,651.343750,627.840958,659.167000,31.326042,2.40178455,39448,midi_notes,14.629167,7.823250
010cold__010cold_emg_exercise_summary.csv,010cold.csv,3,2,Max loudness chords,651.343750,659.006250,659.167000,666.829500,7.662500,2.33033580,9649,inferred_gap_no_midi_notes,14.629167,7.823250
010cold__010cold_emg_exercise_summary.csv,010cold.csv,3,3,"Hold G, 321",659.006250,690.736458,666.829500,698.559708,31.730208,2.40043515,39956,midi_notes,14.629167,7.823250
010cold__010cold_emg_exercise_summary.csv,010cold.csv,3,4,Chromatic octaves,692.860417,697.585417,700.683667,705.408667,4.725000,0.42770776,5950,midi_notes,14.629167,7.823250
010cold__010cold_emg_exercise_summary.csv,010cold.csv,3,5,C major arpeggios,699.766667,700.853125,707.589917,708.676375,1.086458,0.39613848,1368,midi_notes,14.629167,7.823250
010cold__010cold_emg_exercise_summary.csv,010cold.csv,3,6,Anchored trill,704.653125,736.541667,712.476375,744.364917,31.888542,2.40783004,40156,midi_notes,14.629167,7.823250
010cold__010cold_emg_exercise_summary.csv,010cold.csv,4,1,C major scale 1 octave up/down,942.805208,973.471875,950.628458,981.295125,30.666667,1.97702023,38617,midi_notes,14.629167,7.823250
010cold__010cold_emg_exercise_summary.csv,010cold.csv,4,2,Max loudness chords,973.471875,981.100000,981.295125,988.923250,7.628125,2.14900201,9606,inferred_gap_no_midi_notes,14.629167,7.823250
010cold__010cold_emg_exercise_summary.csv,010cold.csv,4,3,"Hold G, 321",981.100000,1011.760417,988.923250,1019.583667,30.660417,2.47146941,38610,midi_notes,14.629167,7.823250
010cold__010cold_emg_exercise_summary.csv,010cold.csv,4,4,Chromatic octaves,1014.432292,1019.010417,1022.255542,1026.833667,4.578125,0.46313162,5765,midi_notes,14.629167,7.823250
010cold__010cold_emg_exercise_summary.csv,010cold.csv,4,5,C major arpeggios,1025.072917,1026.155208,1032.896167,1033.978458,1.082292,0.39184135,1362,midi_notes,14.629167,7.823250
010cold__010cold_emg_exercise_summary.csv,010cold.csv,4,6,Anchored trill,1028.329167,1057.687500,1036.152417,1065.510750,29.358333,0.52340149,36970,midi_notes,14.629167,7.823250
010cold__010cold_emg_exercise_summary.csv,010cold.csv,5,1,C major scale 1 octave up/down,1264.350000,1295.104167,1272.173250,1302.927417,30.754167,2.32890801,38728,midi_notes,14.629167,7.823250
010cold__010cold_emg_exercise_summary.csv,010cold.csv,5,2,Max loudness chords,1295.104167,1304.188542,1302.927417,1312.011792,9.084375,0.78715489,11439,inferred_gap_no_midi_notes,14.629167,7.823250
010cold__010cold_emg_exercise_summary.csv,010cold.csv,5,3,"Hold G, 321",1304.188542,1335.040625,1312.011792,1342.863875,30.852083,0.45587396,38851,midi_notes,14.629167,7.823250
010cold__010cold_emg_exercise_summary.csv,010cold.csv,5,4,Chromatic octaves,1337.407292,1342.504167,1345.230542,1350.327417,5.096875,0.57115673,6418,midi_notes,14.629167,7.823250
010cold__010cold_emg_exercise_summary.csv,010cold.csv,5,5,C major arpeggios,1346.453125,1347.543750,1354.276375,1355.367000,1.090625,0.58634084,1373,midi_notes,14.629167,7.823250
010cold__010cold_emg_exercise_summary.csv,010cold.csv,5,6,Anchored trill,1351.519792,1382.164583,1359.343042,1389.987833,30.644792,1.85924209,38590,midi_notes,14.629167,7.823250
010warm__010warm_emg_exercise_summary.csv,010warm.csv,1,1,C major scale 1 octave up/down,8.644792,38.498958,21.733042,51.587208,29.854167,0.55472702,37594,midi_notes,1.951042,13.088250
010warm__010warm_emg_exercise_summary.csv,010warm.csv,1,2,Max loudness chords,38.498958,54.690625,51.587208,67.778875,16.191667,0.53443500,20390,inferred_gap_no_midi_notes,1.951042,13.088250
010warm__010warm_emg_exercise_summary.csv,010warm.csv,1,3,"Hold G, 321",54.690625,84.372917,67.778875,97.461167,29.682292,0.43747562,37377,midi_notes,1.951042,13.088250
010warm__010warm_emg_exercise_summary.csv,010warm.csv,1,4,Chromatic octaves,89.598958,104.340625,102.687208,117.428875,14.741667,0.55305646,18564,midi_notes,1.951042,13.088250
010warm__010warm_emg_exercise_summary.csv,010warm.csv,1,5,C major arpeggios,104.340625,104.340625,117.428875,117.428875,0.000000,nan,0,midi_notes,1.951042,13.088250
010warm__010warm_emg_exercise_summary.csv,010warm.csv,1,6,Anchored trill,116.705208,146.763542,129.793458,159.851792,30.058333,0.33148243,37851,midi_notes,1.951042,13.088250
010warm__010warm_emg_exercise_summary.csv,010warm.csv,2,1,C major scale 1 octave up/down,358.830208,390.343750,371.918458,403.432000,31.513542,0.52732574,39684,midi_notes,1.951042,13.088250
010warm__010warm_emg_exercise_summary.csv,010warm.csv,2,2,Max loudness chords,390.343750,400.377083,403.432000,413.465333,10.033333,0.60129003,12635,inferred_gap_no_midi_notes,1.951042,13.088250
010warm__010warm_emg_exercise_summary.csv,010warm.csv,2,3,"Hold G, 321",400.377083,430.550000,413.465333,443.638250,30.172917,0.55055345,37995,midi_notes,1.951042,13.088250
010warm__010warm_emg_exercise_summary.csv,010warm.csv,2,4,Chromatic octaves,433.638542,438.455208,446.726792,451.543458,4.816667,0.55808887,6066,midi_notes,1.951042,13.088250
010warm__010warm_emg_exercise_summary.csv,010warm.csv,2,5,C major arpeggios,442.780208,443.923958,455.868458,457.012208,1.143750,0.56089159,1440,midi_notes,1.951042,13.088250
010warm__010warm_emg_exercise_summary.csv,010warm.csv,2,6,Anchored trill,446.007292,476.997917,459.095542,490.086167,30.990625,0.69667450,39025,midi_notes,1.951042,13.088250
010warm__010warm_emg_exercise_summary.csv,010warm.csv,3,1,C major scale 1 octave up/down,626.101042,656.463542,639.189292,669.551792,30.362500,0.19117312,38234,midi_notes,1.951042,13.088250
010warm__010warm_emg_exercise_summary.csv,010warm.csv,3,2,Max loudness chords,656.463542,665.657292,669.551792,678.745542,9.193750,0.19838657,11577,inferred_gap_no_midi_notes,1.951042,13.088250
010warm__010warm_emg_exercise_summary.csv,010warm.csv,3,3,"Hold G, 321",665.657292,695.622917,678.745542,708.711167,29.965625,0.22412579,37735,midi_notes,1.951042,13.088250
010warm__010warm_emg_exercise_summary.csv,010warm.csv,3,4,Chromatic octaves,700.043750,704.492708,713.132000,717.580958,4.448958,0.21590098,5602,midi_notes,1.951042,13.088250
010warm__010warm_emg_exercise_summary.csv,010warm.csv,3,5,C major arpeggios,706.486458,707.576042,719.574708,720.664292,1.089583,0.17534732,1372,midi_notes,1.951042,13.088250
010warm__010warm_emg_exercise_summary.csv,010warm.csv,3,6,Anchored trill,711.437500,741.662500,724.525750,754.750750,30.225000,0.34136121,38061,midi_notes,1.951042,13.088250
010warm__010warm_emg_exercise_summary.csv,010warm.csv,4,1,C major scale 1 octave up/down,929.230208,959.639583,942.318458,972.727833,30.409375,0.13992900,38293,midi_notes,1.951042,13.088250
010warm__010warm_emg_exercise_summary.csv,010warm.csv,4,2,Max loudness chords,959.639583,966.988542,972.727833,980.076792,7.348958,0.33618806,9254,inferred_gap_no_midi_notes,1.951042,13.088250
010warm__010warm_emg_exercise_summary.csv,010warm.csv,4,3,"Hold G, 321",966.988542,998.020833,980.076792,1011.109083,31.032292,0.29170786,39078,midi_notes,1.951042,13.088250
010warm__010warm_emg_exercise_summary.csv,010warm.csv,4,4,Chromatic octaves,1000.133333,1004.933333,1013.221583,1018.021583,4.800000,0.17086676,6045,midi_notes,1.951042,13.088250
010warm__010warm_emg_exercise_summary.csv,010warm.csv,4,5,C major arpeggios,1017.129167,1018.271875,1030.217417,1031.360125,1.142708,1.93323405,1439,midi_notes,1.951042,13.088250
010warm__010warm_emg_exercise_summary.csv,010warm.csv,4,6,Anchored trill,1019.720833,1050.011458,1032.809083,1063.099708,30.290625,0.14135617,38144,midi_notes,1.951042,13.088250
010warm__010warm_emg_exercise_summary.csv,010warm.csv,5,1,C major scale 1 octave up/down,1228.816667,1259.193750,1241.904917,1272.282000,30.377083,nan,0,midi_notes,1.951042,13.088250
010warm__010warm_emg_exercise_summary.csv,010warm.csv,5,2,Max loudness chords,1259.193750,1267.948958,1272.282000,1281.037208,8.755208,nan,0,inferred_gap_no_midi_notes,1.951042,13.088250
010warm__010warm_emg_exercise_summary.csv,010warm.csv,5,3,"Hold G, 321",1267.948958,1297.398958,1281.037208,1310.487208,29.450000,nan,0,midi_notes,1.951042,13.088250
010warm__010warm_emg_exercise_summary.csv,010warm.csv,5,4,Chromatic octaves,1300.457292,1305.082292,1313.545542,1318.170542,4.625000,nan,0,midi_notes,1.951042,13.088250
010warm__010warm_emg_exercise_summary.csv,010warm.csv,5,5,C major arpeggios,1308.138542,1312.402083,1321.226792,1325.490333,4.263542,nan,0,midi_notes,1.951042,13.088250
010warm__010warm_emg_exercise_summary.csv,010warm.csv,5,6,Anchored trill,1330.425000,1361.763542,1343.513250,1374.851792,31.338542,nan,0,midi_notes,1.951042,13.088250
011cold__011cold_emg_exercise_summary.csv,011cold.csv,1,1,C major scale 1 octave up/down,8.265625,43.354167,15.575875,50.664417,35.088542,1.13253960,44185,midi_notes,8.820833,7.310250
011cold__011cold_emg_exercise_summary.csv,011cold.csv,1,2,Max loudness chords,43.354167,55.670833,50.664417,62.981083,12.316667,0.53760373,15510,inferred_gap_no_midi_notes,8.820833,7.310250
011cold__011cold_emg_exercise_summary.csv,011cold.csv,1,3,"Hold G, 321",55.670833,86.931250,62.981083,94.241500,31.260417,0.52527176,39365,midi_notes,8.820833,7.310250
011cold__011cold_emg_exercise_summary.csv,011cold.csv,1,4,Chromatic octaves,89.898958,91.817708,97.209208,99.127958,1.918750,1.22645476,2416,midi_notes,8.820833,7.310250
011cold__011cold_emg_exercise_summary.csv,011cold.csv,1,5,C major arpeggios,98.123958,99.321875,105.434208,106.632125,1.197917,1.45302034,1508,midi_notes,8.820833,7.310250
011cold__011cold_emg_exercise_summary.csv,011cold.csv,1,6,Anchored trill,102.278125,133.641667,109.588375,140.951917,31.363542,0.32965862,39495,midi_notes,8.820833,7.310250
011cold__011cold_emg_exercise_summary.csv,011cold.csv,2,1,C major scale 1 octave up/down,353.253125,385.252083,360.563375,392.562333,31.998958,1.20899445,40295,midi_notes,8.820833,7.310250
011cold__011cold_emg_exercise_summary.csv,011cold.csv,2,2,Max loudness chords,385.252083,396.515625,392.562333,403.825875,11.263542,0.38883606,14184,inferred_gap_no_midi_notes,8.820833,7.310250
011cold__011cold_emg_exercise_summary.csv,011cold.csv,2,3,"Hold G, 321",396.515625,427.223958,403.825875,434.534208,30.708333,0.41900957,38670,midi_notes,8.820833,7.310250
011cold__011cold_emg_exercise_summary.csv,011cold.csv,2,4,Chromatic octaves,429.613542,435.821875,436.923792,443.132125,6.208333,0.96267657,7818,midi_notes,8.820833,7.310250
011cold__011cold_emg_exercise_summary.csv,011cold.csv,2,5,C major arpeggios,438.100000,439.334375,445.410250,446.644625,1.234375,1.60831569,1555,midi_notes,8.820833,7.310250
011cold__011cold_emg_exercise_summary.csv,011cold.csv,2,6,Anchored trill,444.562500,475.070833,451.872750,482.381083,30.508333,0.30834738,38418,midi_notes,8.820833,7.310250
011cold__011cold_emg_exercise_summary.csv,011cold.csv,3,1,C major scale 1 octave up/down,619.562500,650.521875,626.872750,657.832125,30.959375,1.30566550,38986,midi_notes,8.820833,7.310250
011cold__011cold_emg_exercise_summary.csv,011cold.csv,3,2,Max loudness chords,650.521875,660.077083,657.832125,667.387333,9.555208,0.53908807,12032,inferred_gap_no_midi_notes,8.820833,7.310250
011cold__011cold_emg_exercise_summary.csv,011cold.csv,3,3,"Hold G, 321",660.077083,689.892708,667.387333,697.202958,29.815625,0.57219885,37546,midi_notes,8.820833,7.310250
011cold__011cold_emg_exercise_summary.csv,011cold.csv,3,4,Chromatic octaves,691.538542,697.993750,698.848792,705.304000,6.455208,1.04856162,8129,midi_notes,8.820833,7.310250
011cold__011cold_emg_exercise_summary.csv,011cold.csv,3,5,C major arpeggios,699.809375,701.035417,707.119625,708.345667,1.226042,1.46581230,1544,midi_notes,8.820833,7.310250
011cold__011cold_emg_exercise_summary.csv,011cold.csv,3,6,Anchored trill,705.511458,735.376042,712.821708,742.686292,29.864583,0.34684296,37607,midi_notes,8.820833,7.310250
011cold__011cold_emg_exercise_summary.csv,011cold.csv,4,1,C major scale 1 octave up/down,929.688542,960.311458,936.998792,967.621708,30.622917,1.17889935,38562,midi_notes,8.820833,7.310250
011cold__011cold_emg_exercise_summary.csv,011cold.csv,4,2,Max loudness chords,960.311458,969.806250,967.621708,977.116500,9.494792,0.47854168,11957,inferred_gap_no_midi_notes,8.820833,7.310250
011cold__011cold_emg_exercise_summary.csv,011cold.csv,4,3,"Hold G, 321",969.806250,999.765625,977.116500,1007.075875,29.959375,0.55317196,37727,midi_notes,8.820833,7.310250
011cold__011cold_emg_exercise_summary.csv,011cold.csv,4,4,Chromatic octaves,1001.991667,1004.058333,1009.301917,1011.368583,2.066667,0.97014053,2603,midi_notes,8.820833,7.310250
011cold__011cold_emg_exercise_summary.csv,011cold.csv,4,5,C major arpeggios,1008.895833,1010.126042,1016.206083,1017.436292,1.230208,1.29977936,1550,midi_notes,8.820833,7.310250
011cold__011cold_emg_exercise_summary.csv,011cold.csv,4,6,Anchored trill,1013.305208,1044.012500,1020.615458,1051.322750,30.707292,0.32300348,38668,midi_notes,8.820833,7.310250
011cold__011cold_emg_exercise_summary.csv,011cold.csv,5,1,C major scale 1 octave up/down,1213.500000,1243.589583,1220.810250,1250.899833,30.089583,1.38476265,37891,midi_notes,8.820833,7.310250
011cold__011cold_emg_exercise_summary.csv,011cold.csv,5,2,Max loudness chords,1243.589583,1253.644792,1250.899833,1260.955042,10.055208,0.50633254,12662,inferred_gap_no_midi_notes,8.820833,7.310250
011cold__011cold_emg_exercise_summary.csv,011cold.csv,5,3,"Hold G, 321",1253.644792,1284.377083,1260.955042,1291.687333,30.732292,0.53322780,38700,midi_notes,8.820833,7.310250
011cold__011cold_emg_exercise_summary.csv,011cold.csv,5,4,Chromatic octaves,1287.281250,1293.526042,1294.591500,1300.836292,6.244792,1.00237098,7864,midi_notes,8.820833,7.310250
011cold__011cold_emg_exercise_summary.csv,011cold.csv,5,5,C major arpeggios,1296.021875,1297.245833,1303.332125,1304.556083,1.223958,1.51892963,1541,midi_notes,8.820833,7.310250
011cold__011cold_emg_exercise_summary.csv,011cold.csv,5,6,Anchored trill,1299.663542,1329.773958,1306.973792,1337.084208,30.110417,0.36543334,37917,midi_notes,8.820833,7.310250
011warm__011warm_emg_exercise_summary.csv,011warm.csv,1,1,C major scale 1 octave up/down,8.585417,40.721875,12.513917,44.650375,32.136458,0.61748444,40468,midi_notes,27.912500,3.928500
011warm__011warm_emg_exercise_summary.csv,011warm.csv,1,2,Max loudness chords,40.721875,72.514583,44.650375,76.443083,31.792708,0.58573747,40035,inferred_gap_no_midi_notes,27.912500,3.928500
011warm__011warm_emg_exercise_summary.csv,011warm.csv,1,3,"Hold G, 321",72.514583,102.955208,76.443083,106.883708,30.440625,0.43920787,38333,midi_notes,27.912500,3.928500
011warm__011warm_emg_exercise_summary.csv,011warm.csv,1,4,Chromatic octaves,107.433333,109.319792,111.361833,113.248292,1.886458,0.36069263,2375,midi_notes,27.912500,3.928500
011warm__011warm_emg_exercise_summary.csv,011warm.csv,1,5,C major arpeggios,109.319792,109.319792,113.248292,113.248292,0.000000,nan,0,midi_notes,27.912500,3.928500
011warm__011warm_emg_exercise_summary.csv,011warm.csv,1,6,Anchored trill,137.136458,167.616667,141.064958,171.545167,30.480208,0.41963112,38382,midi_notes,27.912500,3.928500
011warm__011warm_emg_exercise_summary.csv,011warm.csv,2,1,C major scale 1 octave up/down,311.307292,342.090625,315.235792,346.019125,30.783333,0.48678080,38764,midi_notes,27.912500,3.928500
011warm__011warm_emg_exercise_summary.csv,011warm.csv,2,2,Max loudness chords,342.090625,365.656250,346.019125,369.584750,23.565625,0.52415127,29676,inferred_gap_no_midi_notes,27.912500,3.928500
011warm__011warm_emg_exercise_summary.csv,011warm.csv,2,3,"Hold G, 321",365.656250,396.127083,369.584750,400.055583,30.470833,0.40263979,38370,midi_notes,27.912500,3.928500
011warm__011warm_emg_exercise_summary.csv,011warm.csv,2,4,Chromatic octaves,398.253125,400.237500,402.181625,404.166000,1.984375,0.38763661,2499,midi_notes,27.912500,3.928500
011warm__011warm_emg_exercise_summary.csv,011warm.csv,2,5,C major arpeggios,400.237500,400.237500,404.166000,404.166000,0.000000,nan,0,midi_notes,27.912500,3.928500
011warm__011warm_emg_exercise_summary.csv,011warm.csv,2,6,Anchored trill,435.655208,465.738542,439.583708,469.667042,30.083333,0.43927911,37883,midi_notes,27.912500,3.928500
011warm__011warm_emg_exercise_summary.csv,011warm.csv,3,1,C major scale 1 octave up/down,622.551042,653.289583,626.479542,657.218083,30.738542,0.36106164,38707,midi_notes,27.912500,3.928500
011warm__011warm_emg_exercise_summary.csv,011warm.csv,3,2,Max loudness chords,653.289583,664.322917,657.218083,668.251417,11.033333,0.43213964,13894,inferred_gap_no_midi_notes,27.912500,3.928500
011warm__011warm_emg_exercise_summary.csv,011warm.csv,3,3,"Hold G, 321",664.322917,694.389583,668.251417,698.318083,30.066667,0.38760572,37862,midi_notes,27.912500,3.928500
011warm__011warm_emg_exercise_summary.csv,011warm.csv,3,4,Chromatic octaves,696.130208,698.093750,700.058708,702.022250,1.963542,0.37071316,2473,midi_notes,27.912500,3.928500
011warm__011warm_emg_exercise_summary.csv,011warm.csv,3,5,C major arpeggios,698.093750,698.093750,702.022250,702.022250,0.000000,nan,0,midi_notes,27.912500,3.928500
011warm__011warm_emg_exercise_summary.csv,011warm.csv,3,6,Anchored trill,717.558333,758.279167,721.486833,762.207667,40.720833,0.48013221,51279,midi_notes,27.912500,3.928500
011warm__011warm_emg_exercise_summary.csv,011warm.csv,4,1,C major scale 1 octave up/down,936.164583,966.608333,940.093083,970.536833,30.443750,0.37144359,38337,midi_notes,27.912500,3.928500
011warm__011warm_emg_exercise_summary.csv,011warm.csv,4,2,Max loudness chords,966.608333,981.714583,970.536833,985.643083,15.106250,0.42487588,19023,inferred_gap_no_midi_notes,27.912500,3.928500
011warm__011warm_emg_exercise_summary.csv,011warm.csv,4,3,"Hold G, 321",981.714583,1012.068750,985.643083,1015.997250,30.354167,0.38630022,38223,midi_notes,27.912500,3.928500
011warm__011warm_emg_exercise_summary.csv,011warm.csv,4,4,Chromatic octaves,1014.040625,1015.951042,1017.969125,1019.879542,1.910417,0.34850069,2405,midi_notes,27.912500,3.928500
011warm__011warm_emg_exercise_summary.csv,011warm.csv,4,5,C major arpeggios,1024.489583,1025.714583,1028.418083,1029.643083,1.225000,0.30310963,1543,midi_notes,27.912500,3.928500
011warm__011warm_emg_exercise_summary.csv,011warm.csv,4,6,Anchored trill,1030.673958,1060.948958,1034.602458,1064.877458,30.275000,0.62020273,38124,midi_notes,27.912500,3.928500
011warm__011warm_emg_exercise_summary.csv,011warm.csv,5,1,C major scale 1 octave up/down,1247.981250,1278.638542,1251.909750,1282.567042,30.657292,0.40264941,38606,midi_notes,27.912500,3.928500
011warm__011warm_emg_exercise_summary.csv,011warm.csv,5,2,Max loudness chords,1278.638542,1290.764583,1282.567042,1294.693083,12.126042,0.45950766,15270,inferred_gap_no_midi_notes,27.912500,3.928500
011warm__011warm_emg_exercise_summary.csv,011warm.csv,5,3,"Hold G, 321",1290.764583,1320.892708,1294.693083,1324.821208,30.128125,0.45449534,37939,midi_notes,27.912500,3.928500
011warm__011warm_emg_exercise_summary.csv,011warm.csv,5,4,Chromatic octaves,1322.692708,1324.644792,1326.621208,1328.573292,1.952083,0.28115993,2458,midi_notes,27.912500,3.928500
011warm__011warm_emg_exercise_summary.csv,011warm.csv,5,5,C major arpeggios,1331.587500,1332.796875,1335.516000,1336.725375,1.209375,0.30366894,1523,midi_notes,27.912500,3.928500
011warm__011warm_emg_exercise_summary.csv,011warm.csv,5,6,Anchored trill,1339.373958,1369.535417,1343.302458,1373.463917,30.161458,0.57515008,37981,midi_notes,27.912500,3.928500
012cold__012cold_01_emg_exercise_summary.csv,012cold_01.csv,1,1,C major scale 1 octave up/down,23.986458,53.993750,26.072208,56.079500,30.007292,nan,0,midi_notes,18.700000,2.085750
012cold__012cold_01_emg_exercise_summary.csv,012cold_01.csv,1,2,Max loudness chords,53.993750,78.963542,56.079500,81.049292,24.969792,nan,0,inferred_gap_no_midi_notes,18.700000,2.085750
012cold__012cold_01_emg_exercise_summary.csv,012cold_01.csv,1,3,"Hold G, 321",78.963542,109.376042,81.049292,111.461792,30.412500,nan,0,midi_notes,18.700000,2.085750
012cold__012cold_01_emg_exercise_summary.csv,012cold_01.csv,1,4,Chromatic octaves,112.119792,117.226042,114.205542,119.311792,5.106250,nan,0,midi_notes,18.700000,2.085750
012cold__012cold_01_emg_exercise_summary.csv,012cold_01.csv,1,5,C major arpeggios,120.130208,124.114583,122.215958,126.200333,3.984375,nan,0,midi_notes,18.700000,2.085750
012cold__012cold_01_emg_exercise_summary.csv,012cold_01.csv,1,6,Anchored trill,126.284375,156.972917,128.370125,159.058667,30.688542,nan,0,midi_notes,18.700000,2.085750
012cold__012cold_01_emg_exercise_summary.csv,012cold_01.csv,2,1,C major scale 1 octave up/down,339.848958,370.729167,341.934708,372.814917,30.880208,nan,0,midi_notes,18.700000,2.085750
012cold__012cold_01_emg_exercise_summary.csv,012cold_01.csv,2,2,Max loudness chords,370.729167,407.763542,372.814917,409.849292,37.034375,nan,0,inferred_gap_no_midi_notes,18.700000,2.085750
012cold__012cold_01_emg_exercise_summary.csv,012cold_01.csv,2,3,"Hold G, 321",407.763542,441.183333,409.849292,443.269083,33.419792,nan,0,midi_notes,18.700000,2.085750
012cold__012cold_01_emg_exercise_summary.csv,012cold_01.csv,2,4,Chromatic octaves,446.395833,452.002083,448.481583,454.087833,5.606250,nan,0,midi_notes,18.700000,2.085750
012cold__012cold_01_emg_exercise_summary.csv,012cold_01.csv,2,5,C major arpeggios,456.542708,460.401042,458.628458,462.486792,3.858333,nan,0,midi_notes,18.700000,2.085750
012cold__012cold_01_emg_exercise_summary.csv,012cold_01.csv,2,6,Anchored trill,463.568750,494.337500,465.654500,496.423250,30.768750,nan,0,midi_notes,18.700000,2.085750
012cold__012cold_01_emg_exercise_summary.csv,012cold_01.csv,3,1,C major scale 1 octave up/down,641.348958,672.053125,643.434708,674.138875,30.704167,nan,0,midi_notes,18.700000,2.085750
012cold__012cold_01_emg_exercise_summary.csv,012cold_01.csv,3,2,Max loudness chords,672.053125,706.509375,674.138875,708.595125,34.456250,nan,0,inferred_gap_no_midi_notes,18.700000,2.085750
012cold__012cold_01_emg_exercise_summary.csv,012cold_01.csv,3,3,"Hold G, 321",706.509375,737.283333,708.595125,739.369083,30.773958,nan,0,midi_notes,18.700000,2.085750
012cold__012cold_01_emg_exercise_summary.csv,012cold_01.csv,3,4,Chromatic octaves,741.461458,748.489583,743.547208,750.575333,7.028125,nan,0,midi_notes,18.700000,2.085750
012cold__012cold_01_emg_exercise_summary.csv,012cold_01.csv,3,5,C major arpeggios,757.006250,758.012500,759.092000,760.098250,1.006250,nan,0,midi_notes,18.700000,2.085750
012cold__012cold_01_emg_exercise_summary.csv,012cold_01.csv,3,6,Anchored trill,766.161458,796.716667,768.247208,798.802417,30.555208,nan,0,midi_notes,18.700000,2.085750
012cold__012cold_01_emg_exercise_summary.csv,012cold_01.csv,4,1,C major scale 1 octave up/down,1077.147917,1107.602083,1079.233667,1109.687833,30.454167,nan,0,midi_notes,18.700000,2.085750
012cold__012cold_01_emg_exercise_summary.csv,012cold_01.csv,4,2,Max loudness chords,1107.602083,1140.762500,1109.687833,1142.848250,33.160417,nan,0,inferred_gap_no_midi_notes,18.700000,2.085750
012cold__012cold_01_emg_exercise_summary.csv,012cold_01.csv,4,3,"Hold G, 321",1140.762500,1171.350000,1142.848250,1173.435750,30.587500,nan,0,midi_notes,18.700000,2.085750
012cold__012cold_01_emg_exercise_summary.csv,012cold_01.csv,4,4,Chromatic octaves,1182.953125,1189.283333,1185.038875,1191.369083,6.330208,nan,0,midi_notes,18.700000,2.085750
012cold__012cold_01_emg_exercise_summary.csv,012cold_01.csv,4,5,C major arpeggios,1196.015625,1197.065625,1198.101375,1199.151375,1.050000,nan,0,midi_notes,18.700000,2.085750
012cold__012cold_01_emg_exercise_summary.csv,012cold_01.csv,4,6,Anchored trill,1200.839583,1230.778125,1202.925333,1232.863875,29.938542,nan,0,midi_notes,18.700000,2.085750
012cold__012cold_01_emg_exercise_summary.csv,012cold_01.csv,5,1,C major scale 1 octave up/down,1400.070833,1439.606250,1402.156583,1441.692000,39.535417,nan,0,midi_notes,18.700000,2.085750
012cold__012cold_01_emg_exercise_summary.csv,012cold_01.csv,5,2,Max loudness chords,1439.606250,1469.080208,1441.692000,1471.165958,29.473958,nan,0,inferred_gap_no_midi_notes,18.700000,2.085750
012cold__012cold_01_emg_exercise_summary.csv,012cold_01.csv,5,3,"Hold G, 321",1469.080208,1500.191667,1471.165958,1502.277417,31.111458,nan,0,midi_notes,18.700000,2.085750
012cold__012cold_01_emg_exercise_summary.csv,012cold_01.csv,5,4,Chromatic octaves,1508.916667,1514.539583,1511.002417,1516.625333,5.622917,nan,0,midi_notes,18.700000,2.085750
012cold__012cold_01_emg_exercise_summary.csv,012cold_01.csv,5,5,C major arpeggios,1517.515625,1520.761458,1519.601375,1522.847208,3.245833,nan,0,midi_notes,18.700000,2.085750
012cold__012cold_01_emg_exercise_summary.csv,012cold_01.csv,5,6,Anchored trill,1523.737500,1554.226042,1525.823250,1556.311792,30.488542,nan,0,midi_notes,18.700000,2.085750
012warm__012warm_01_2_emg_exercise_summary.csv,012warm_01 (2).csv,1,1,C major scale 1 octave up/down,17.734375,49.227083,35.432875,66.925583,31.492708,0.42551482,39657,midi_notes,26.365625,17.698500
012warm__012warm_01_2_emg_exercise_summary.csv,012warm_01 (2).csv,1,2,Max loudness chords,49.227083,79.103125,66.925583,96.801625,29.876042,0.16353907,37622,inferred_gap_no_midi_notes,26.365625,17.698500
012warm__012warm_01_2_emg_exercise_summary.csv,012warm_01 (2).csv,1,3,"Hold G, 321",79.103125,109.053125,96.801625,126.751625,29.950000,0.41880687,37715,midi_notes,26.365625,17.698500
012warm__012warm_01_2_emg_exercise_summary.csv,012warm_01 (2).csv,1,4,Chromatic octaves,117.004167,123.883333,134.702667,141.581833,6.879167,0.40849935,8663,midi_notes,26.365625,17.698500
012warm__012warm_01_2_emg_exercise_summary.csv,012warm_01 (2).csv,1,5,C major arpeggios,140.837500,141.972917,158.536000,159.671417,1.135417,0.34739734,1430,midi_notes,26.365625,17.698500
012warm__012warm_01_2_emg_exercise_summary.csv,012warm_01 (2).csv,1,6,Anchored trill,159.529167,189.704167,177.227667,207.402667,30.175000,0.16995152,37998,midi_notes,26.365625,17.698500
012warm__012warm_01_2_emg_exercise_summary.csv,012warm_01 (2).csv,2,1,C major scale 1 octave up/down,406.952083,437.765625,424.650583,455.464125,30.813542,0.36883176,38802,midi_notes,26.365625,17.698500
012warm__012warm_01_2_emg_exercise_summary.csv,012warm_01 (2).csv,2,2,Max loudness chords,437.765625,470.622917,455.464125,488.321417,32.857292,0.12575403,41376,inferred_gap_no_midi_notes,26.365625,17.698500
012warm__012warm_01_2_emg_exercise_summary.csv,012warm_01 (2).csv,2,3,"Hold G, 321",470.622917,501.675000,488.321417,519.373500,31.052083,0.37147643,39102,midi_notes,26.365625,17.698500
012warm__012warm_01_2_emg_exercise_summary.csv,012warm_01 (2).csv,2,4,Chromatic octaves,512.796875,518.985417,530.495375,536.683917,6.188542,0.44944015,7793,midi_notes,26.365625,17.698500
012warm__012warm_01_2_emg_exercise_summary.csv,012warm_01 (2).csv,2,5,C major arpeggios,523.553125,527.802083,541.251625,545.500583,4.248958,0.29118883,5350,midi_notes,26.365625,17.698500
012warm__012warm_01_2_emg_exercise_summary.csv,012warm_01 (2).csv,2,6,Anchored trill,532.305208,562.333333,550.003708,580.031833,30.028125,0.22454652,37813,midi_notes,26.365625,17.698500
012warm__012warm_01_2_emg_exercise_summary.csv,012warm_01 (2).csv,3,1,C major scale 1 octave up/down,676.202083,705.818750,693.900583,723.517250,29.616667,0.39307546,37295,midi_notes,26.365625,17.698500
012warm__012warm_01_2_emg_exercise_summary.csv,012warm_01 (2).csv,3,2,Max loudness chords,705.818750,752.787500,723.517250,770.486000,46.968750,0.11406627,59146,inferred_gap_no_midi_notes,26.365625,17.698500
012warm__012warm_01_2_emg_exercise_summary.csv,012warm_01 (2).csv,3,3,"Hold G, 321",752.787500,783.029167,770.486000,800.727667,30.241667,0.37225781,38082,midi_notes,26.365625,17.698500
012warm__012warm_01_2_emg_exercise_summary.csv,012warm_01 (2).csv,3,4,Chromatic octaves,787.170833,793.007292,804.869333,810.705792,5.836458,0.42390859,7349,midi_notes,26.365625,17.698500
012warm__012warm_01_2_emg_exercise_summary.csv,012warm_01 (2).csv,3,5,C major arpeggios,797.111458,798.109375,814.809958,815.807875,0.997917,0.28189922,1257,midi_notes,26.365625,17.698500
012warm__012warm_01_2_emg_exercise_summary.csv,012warm_01 (2).csv,3,6,Anchored trill,807.334375,837.702083,825.032875,855.400583,30.367708,0.18698592,38241,midi_notes,26.365625,17.698500
012warm__012warm_01_2_emg_exercise_summary.csv,012warm_01 (2).csv,4,1,C major scale 1 octave up/down,973.817708,1004.259375,991.516208,1021.957875,30.441667,0.36905137,38334,midi_notes,26.365625,17.698500
012warm__012warm_01_2_emg_exercise_summary.csv,012warm_01 (2).csv,4,2,Max loudness chords,1004.259375,1029.676042,1021.957875,1047.374542,25.416667,0.12852341,32007,inferred_gap_no_midi_notes,26.365625,17.698500
012warm__012warm_01_2_emg_exercise_summary.csv,012warm_01 (2).csv,4,3,"Hold G, 321",1029.676042,1060.168750,1047.374542,1077.867250,30.492708,0.35402483,38398,midi_notes,26.365625,17.698500
012warm__012warm_01_2_emg_exercise_summary.csv,012warm_01 (2).csv,4,4,Chromatic octaves,1063.227083,1069.182292,1080.925583,1086.880792,5.955208,0.43497409,7499,midi_notes,26.365625,17.698500
012warm__012warm_01_2_emg_exercise_summary.csv,012warm_01 (2).csv,4,5,C major arpeggios,1073.413542,1077.514583,1091.112042,1095.213083,4.101042,0.27785331,5165,midi_notes,26.365625,17.698500
012warm__012warm_01_2_emg_exercise_summary.csv,012warm_01 (2).csv,4,6,Anchored trill,1085.813542,1115.363542,1103.512042,1133.062042,29.550000,0.15469426,37211,midi_notes,26.365625,17.698500
012warm__012warm_01_2_emg_exercise_summary.csv,012warm_01 (2).csv,5,1,C major scale 1 octave up/down,1259.973958,1290.191667,1277.672458,1307.890167,30.217708,0.41067294,38052,midi_notes,26.365625,17.698500
012warm__012warm_01_2_emg_exercise_summary.csv,012warm_01 (2).csv,5,2,Max loudness chords,1290.191667,1337.666667,1307.890167,1355.365167,47.475000,0.09577864,59784,inferred_gap_no_midi_notes,26.365625,17.698500
012warm__012warm_01_2_emg_exercise_summary.csv,012warm_01 (2).csv,5,3,"Hold G, 321",1337.666667,1369.153125,1355.365167,1386.851625,31.486458,0.36459726,39649,midi_notes,26.365625,17.698500
012warm__012warm_01_2_emg_exercise_summary.csv,012warm_01 (2).csv,5,4,Chromatic octaves,1383.436458,1389.517708,1401.134958,1407.216208,6.081250,0.43134715,7658,midi_notes,26.365625,17.698500
012warm__012warm_01_2_emg_exercise_summary.csv,012warm_01 (2).csv,5,5,C major arpeggios,1397.971875,1401.735417,1415.670375,1419.433917,3.763542,0.29320457,4739,midi_notes,26.365625,17.698500
012warm__012warm_01_2_emg_exercise_summary.csv,012warm_01 (2).csv,5,6,Anchored trill,1409.271875,1439.537500,1426.970375,1457.236000,30.265625,0.13755604,38112,midi_notes,26.365625,17.698500
